Wilayah,Narsum,Kategori_Responden,Pertanyaan,Tanggapan
Jayawijaya,GTY,KII,Apa saja kebutuhan utama saat ini dan yang akan datang?,"Dinamika Keamanan, Politik, Sosial, dan Krisis adalah Situasi keamanan di Wamena dan Pegunungan Tengah relatif terkendali sepanjang 2023–2025, meskipun terdapat kekhawatiran eskalasi menjelang Pemilu 2024–2025. Fakta menunjukkan bahwa Pemilu berlangsung aman dan sukses. Namun, kerentanan tetap ada, terutama terkait krisis moneter dan inflasi pangan. Data BPS 2024 mencatat inflasi tertinggi nasional terjadi di Papua Pegunungan (5,65%). Hal ini menegaskan perlunya strategi antisipasi berupa jaminan **Sandang, Pangan, Papan**, dengan fokus pada akses logistik melalui jalur udara (Wamena sebagai pintu utama)"
Jayawijaya,GTY,KII,Apa saja ketegangan yang ada di negara ini dan Bagaimana ketegangan-ketegangan tersebut muncul?,"Riak ketegangan lebih banyak muncul di area pertambangan rakyat, seperti di Yahukimo, akibat benturan kepentingan antara kelompok sipil bersenjata dan penambang. Meski demikian, eskalasi tidak meluas ke tingkat provinsi dan dapat dikendalikan pemerintah daerah. Artinya, konflik bersifat lokal, namun tetap berpotensi mengganggu stabilitas jika tidak ditangani dengan pendekatan regulasi dan mediasi yang tepat."
Jayawijaya,GTY,KII,"Siapa saja kelompok rentan.berisiko tinggi ? Bagaimana peningkatan ketegangan akan mempengaruhi kelompok-kelompok tersebut, terutama anak-anak dan remaja?"," Anak-anak dan remaja di Kabupaten Nduga menjadi kelompok paling rentan, terutama terkait peristiwa penyanderaan pilot Susi Air oleh kelompok Egianus Kogoya. Pembebasan yang aman pada 2024 menunjukkan bahwa  komunikasi berbasis nilai kemanusiaan  adalah kunci. Meski data spesifik tentang dampak terhadap anak dan remaja masih terbatas, indikasi kerentanan tetap tinggi di wilayah konflik. "
Jayawijaya,GTY,KII,"Siapa saja kelompok rentan berisiko tinggi ? Bagaimana peningkatan ketegangan akan mempengaruhi kelompok-kelompok tersebut, terutama anak-anak dan remaja?","Ketegangan antara kelompok sipil bersenjata dan aparat TNI/Polri di Nduga dan sekitarnya berdampak langsung pada masyarakat sipil. Anak-anak dan remaja sering menjadi korban tidak langsung, misalnya melalui keterbatasan akses pendidikan dan trauma akibat konflik."
Jayawijaya,GTY,KII,Apa yang menyatukan atau memecah belah masyarakat di wilayah ini?,"Faktor penyatu masyarakat Papua Pegunungan adalah adat dan kekerabatan (kepala suku, sistem patrilineal). Namun, tradisi perang suku masih menjadi pemicu utama konflik lokal. Tradisi ini, meski memiliki akar budaya, kini sering bertransformasi menjadi konflik sosial yang menghambat pembangunan."
Jayawijaya,GTY,KII,"Di daerah-daerah yang mengalami ketegangan yang meningkat, apa saja contoh kelompok dan/atau kegiatan yang bertujuan untuk mengurangi ketegangan dan mempromosikan perdamaian?","Pemerintah daerah berperan penting dalam meredakan konflik, dengan melibatkan tokoh agama, adat, pemuda, perempuan, serta aparat keamanan. Pendekatan **merangkul simpul akar rumput** terbukti efektif dalam mengembalikan kondisi kondusif."
Jayawijaya,GTY,KII,Kelompok mana yang paling berpengaruh dan di mana mereka berada?,"Kelompok sipil bersenjata pimpinan Egianus Kogoya memiliki basis di Nduga dan Jayawijaya, dengan aktivitas gerilya lintas kabupaten."
Jayawijaya,GTY,KII,Apa tujuan dan kemampuan yang mereka miliki?,"Tujuan utama mereka adalah mempertahankan ideologi Papua Merdeka. Kelompok ini memiliki struktur militer dan politik, serta jaringan internasional, terutama di negara-negara Pasifik Selatan."
Jayawijaya,GTY,KII,Bagaimana hubungan di antara mereka?,"Hubungan antar faksi lebih banyak bersifat kompetitif dan konflik, namun mereka tetap konsisten dalam menggalang legitimasi melalui media. Hal ini menunjukkan adanya strategi komunikasi politik yang terstruktur."
Jayawijaya,GTY,KII,Bagaimana Anda/bagaimana Anda melihat mereka?,"Pengaruh mereka cukup signifikan, mampu memengaruhi opini publik lokal maupun internasional. Pemerintah Indonesia perlu mencermati afiliasi eksternal mereka, karena dapat memperkuat narasi separatisme di forum internasional."
Jayawijaya,GTY,KII,Apa yang Anda perkirakan akan terjadi dalam 6 bulan ke depan terkait dengan,"Potensi krisis pangan dan keterbatasan transportasi udara tetap menjadi ancaman utama. Stabilitas politik relatif terjaga, namun kerentanan ekonomi dan sosial dapat memicu ketegangan baru."
Jayawijaya,GTY,KII,Apa konsekuensi/dampak konteks ini bagi operasional LSM,Program strategis LSM berpotensi terhambat akibat akses terbatas dan risiko keamanan staf. Perlu strategi adaptif untuk memastikan keberlanjutan program.
Jayawijaya,GTY,KII, Apa konsekuensinya terhadap Kegiatan respon bencana konflik/kegiatan pemberdayaan/kegiatan yang sifatnya membangun perdamaian,"Konflik: perlu analisis akar masalah, komunikasi berjenjang, dan koordinasi pusat-daerah."
Jayawijaya,GTY,KII, Apa konsekuensinya terhadap Kegiatan respon bencana konflik/kegiatan pemberdayaan/kegiatan yang sifatnya membangun perdamaian,Bencana: penetapan status (daerah/nasional) serta kesiapan logistik.
Jayawijaya,GTY,KII, Apa konsekuensinya terhadap Kegiatan respon bencana konflik/kegiatan pemberdayaan/kegiatan yang sifatnya membangun perdamaian,Alternatif daerah penyangga harus disiapkan sebagai jalur evakuasi dan distribusi bantuan.
Jayawijaya,GTY,KII,Pesan publik dan swasta eksternal seperti apa yang perlu kami sampaikan,"Pesan harus menyejukkan, menghindari hoaks, serta menekankan persatuan dan perdamaian."
Jayawijaya,GTY,KII,Apa jenis kegiatan Pembinaan perdamaian yang dapat kami kontribusikan?,"Edukasi perdamaian berbasis komunitas akar rumput, dengan melibatkan tokoh lokal sebagai agen perubahan. Pendekatan ini dapat memperkuat fondasi menuju **perdamaian abadi**."
Jayawijaya,JPY,KII,Apa saja kebutuhan utama saat ini dan yang akan datang??,"Keadilan social  mengurangi dikotomi antara Orang Asli Papua (OAP) dan pendatang, terutama dalam akses pekerjaan, ekonomi, dan politik."
Jayawijaya,JPY,KII,Apa saja kebutuhan utama saat ini dan yang akan datang??,"Perlindungan kelompok rentan: memastikan perempuan, anak-anak, dan remaja tidak menjadi korban langsung maupun tidak langsung."
Jayawijaya,JPY,KII,Apa saja kebutuhan utama saat ini dan yang akan datang??,"Jaminan kebutuhan dasar: pangan, sandang, papan, serta akses transportasi (udara sebagai jalur utama)."
Jayawijaya,JPY,KII,Apa saja kebutuhan utama saat ini dan yang akan datang??,Komunikasi damai: pendekatan berbasis kemanusiaan untuk mencegah eskalasi menjadi kekerasan terbuka.
Jayawijaya,JPY,KII,Apa saja ketegangan yang ada di negara ini?,"Sumber ketegangan utama: perebutan kursi PNS (kuota OAP vs pendatang), kontestasi politik lokal, serta benturan kepentingan di sektor ekonomi informal."
Jayawijaya,JPY,KII,Apa saja ketegangan yang ada di negara ini?,"Kecenderungan: meningkat, karena belum ada sistem kebijakan yang adil dan transparan untuk meredam akar masalah."
Jayawijaya,JPY,KII,Bagaimana ketegangan-ketegangan tersebut muncul?,Kesenjangan kesempatan ekonomi dan pendidikan.
Jayawijaya,JPY,KII,Bagaimana ketegangan-ketegangan tersebut muncul?,Nepotisme birokrasi yang memperkuat ketidakpercayaan.
Jayawijaya,JPY,KII,Bagaimana ketegangan-ketegangan tersebut muncul?,Polarisasi identitas (OAP vs pendatang).
Jayawijaya,JPY,KII,"Siapa saja kelompok rentan.berisiko tinggi ? Bagaimana peningkatan ketegangan akan mempengaruhi kelompok-kelompok tersebut, terutama anak-anak dan remaja?","Perempuan dan anak-anak: rentan trauma, kehilangan rasa aman, dan gangguan perkembangan emosional."
Jayawijaya,JPY,KII,"Siapa saja kelompok rentan.berisiko tinggi ? Bagaimana peningkatan ketegangan akan mempengaruhi kelompok-kelompok tersebut, terutama anak-anak dan remaja?",Remaja: berisiko terseret dalam budaya kekerasan atau narasi kebencian.
Jayawijaya,JPY,KII,"Siapa saja kelompok rentan.berisiko tinggi ? Bagaimana peningkatan ketegangan akan mempengaruhi kelompok-kelompok tersebut, terutama anak-anak dan remaja?","Pendatang (penjual kios, sopir, pekerja informal): sering menjadi sasaran langsung saat konflik."
Jayawijaya,JPY,KII,"Siapa saja kelompok rentan.berisiko tinggi ? Bagaimana peningkatan ketegangan akan mempengaruhi kelompok-kelompok tersebut, terutama anak-anak dan remaja?",OAP sendiri: kadang menjadi korban salah sasaran dalam penegakan hukum.
Jayawijaya,JPY,KII,Apa yang menyatukan masyarakat di wilayah ini?,Gereja sebagai ruang spiritual dan sosial.
Jayawijaya,JPY,KII,Apa yang menyatukan masyarakat di wilayah ini?,"Tradisi adat (bakar batu, sistem kekerabatan) sebagai simbol kebersamaan."
Jayawijaya,JPY,KII,Apa yang memecah belah masyarakat di wilayah ini?,Perebutan lowongan PNS.
Jayawijaya,JPY,KII,Apa yang memecah belah masyarakat di wilayah ini?,Tradisi perang suku yang masih berlangsung.
Jayawijaya,JPY,KII,Apa yang memecah belah masyarakat di wilayah ini?,Kontestasi politik (Pilkada) yang memunculkan polarisasi identitas.
Jayawijaya,JPY,KII,"Di daerah-daerah yang mengalami ketegangan yang meningkat, apa saja contoh kelompok dan/atau kegiatan yang bertujuan untuk mengurangi ketegangan dan mempromosikan perdamaian?",Tokoh adat : legitimasi budaya untuk menjadi penengah.
Jayawijaya,JPY,KII,"Di daerah-daerah yang mengalami ketegangan yang meningkat, apa saja contoh kelompok dan/atau kegiatan yang bertujuan untuk mengurangi ketegangan dan mempromosikan perdamaian?",Gereja : pengaruh moral dan spiritual dalam membangun perdamaian.
Jayawijaya,JPY,KII,"Di daerah-daerah yang mengalami ketegangan yang meningkat, apa saja contoh kelompok dan/atau kegiatan yang bertujuan untuk mengurangi ketegangan dan mempromosikan perdamaian?",Pemerintah daerah dan pusat : kebijakan adil dan transparan.
Jayawijaya,JPY,KII,"Di daerah-daerah yang mengalami ketegangan yang meningkat, apa saja contoh kelompok dan/atau kegiatan yang bertujuan untuk mengurangi ketegangan dan mempromosikan perdamaian?","TNI/Polri: menjaga keamanan, namun perlu pendekatan humanis."
Jayawijaya,JPY,KII,"Di daerah-daerah yang mengalami ketegangan yang meningkat, apa saja contoh kelompok dan/atau kegiatan yang bertujuan untuk mengurangi ketegangan dan mempromosikan perdamaian?",LSM dan lembaga kemanusiaan : mendukung rekonsiliasi dan pemberdayaan masyarakat.
Jayawijaya,JPY,KII,Kelompok mana yang paling berpengaruh dan di mana mereka berada?,Kelompok sipil bersenjata (misalnya Egianus Kogoya di Nduga dan Jayawijaya).
Jayawijaya,JPY,KII,Kelompok mana yang paling berpengaruh dan di mana mereka berada?,Tokoh adat dan gereja : berpengaruh di tingkat akar rumput.
Jayawijaya,JPY,KII,Kelompok mana yang paling berpengaruh dan di mana mereka berada?,Pemerintah daerah : pengaruh melalui kebijakan dan distribusi sumber daya.
Jayawijaya,JPY,KII,Apa tujuan dan kemampuan yang mereka miliki?,"Kelompok bersenjata: mempertahankan ideologi Papua Merdeka, memiliki struktur militer-politik, serta jaringan internasional."
Jayawijaya,JPY,KII,Apa tujuan dan kemampuan yang mereka miliki?,"Tokoh adat/gereja: menjaga persatuan, perdamaian, dan nilai budaya."
Jayawijaya,JPY,KII,Apa tujuan dan kemampuan yang mereka miliki?,"Pemerintah: menjaga stabilitas, distribusi sumber daya, dan legitimasi politik."
Jayawijaya,JPY,KII,Bagaimana hubungan di antara mereka?,Kelompok bersenjata vs pemerintah/TNI-Polri: konflik dan kompetisi.
Jayawijaya,JPY,KII,Bagaimana hubungan di antara mereka?,"Tokoh adat/gereja vs masyarakat: hubungan kooperatif, berperan sebagai mediator."
Jayawijaya,JPY,KII,Bagaimana hubungan di antara mereka?,"Pendatang vs OAP: hubungan ambivalen, kadang kooperatif dalam ekonomi, kadang konflik dalam politik/identitas."
Jayawijaya,JPY,KII,Bagaimana Anda/bagaimana Anda melihat mereka?,"Kelompok bersenjata memiliki pengaruh signifikan dalam menciptakan ketegangan, sementara tokoh adat dan gereja memiliki pengaruh besar dalam meredakan konflik. Pemerintah tetap menjadi aktor kunci, tetapi legitimasi mereka bergantung pada keadilan kebijakan."
Jayawijaya,JPY,KII,Apa yang Anda perkirakan akan terjadi dalam 6 bulan ke depan,"Keamanan: relatif terkendali, namun rawan riak konflik lokal."
Jayawijaya,JPY,KII,Apa yang Anda perkirakan akan terjadi dalam 6 bulan ke depan,"Politik: stabil pasca-Pemilu, tetapi polarisasi identitas tetap ada."
Jayawijaya,JPY,KII,Apa yang Anda perkirakan akan terjadi dalam 6 bulan ke depan,Ekonomi: krisis pangan dan inflasi masih menjadi ancaman.
Jayawijaya,JPY,KII,Apa yang Anda perkirakan akan terjadi dalam 6 bulan ke depan,Sosial: trauma anak/remaja dan ketidakpercayaan antar kelompok berpotensi berlanjut.
Jayawijaya,JPY,KII,Apa konsekuensi/dampak konteks ini bagi operasional LSM?,Keamanan staf : berisiko saat konflik lokal.
Jayawijaya,JPY,KII,Apa konsekuensi/dampak konteks ini bagi operasional LSM?,Pelaksanaan program : terhambat akses transportasi/logistik.
Jayawijaya,JPY,KII,Apa konsekuensi/dampak konteks ini bagi operasional LSM?,Akses ke masyarakat : terganggu oleh ketegangan identitas dan politik.
Jayawijaya,JPY,KII,Pesan publik dan swasta eksternal seperti apa yang perlu kami sampaikan,Hindari hoaks dan narasi provokatif.
Jayawijaya,JPY,KII,Pesan publik dan swasta eksternal seperti apa yang perlu kami sampaikan,"Sampaikan pesan perdamaian, persatuan, dan keadilan sosial."
Jayawijaya,JPY,KII,Pesan publik dan swasta eksternal seperti apa yang perlu kami sampaikan,"Dorong dukungan internasional yang konstruktif, bukan memperburuk situasi."
Jayawijaya,JPY,KII,Apa jenis kegiatan  Pembinaan perdamaian yang dapat kami kontribusikan?,Edukasi perdamaian berbasis komunitas akar rumput.
Jayawijaya,JPY,KII,Apa jenis kegiatan  Pembinaan perdamaian yang dapat kami kontribusikan?,"Pelibatan tokoh adat, gereja, pemuda, dan perempuan sebagai agen perubahan."
Jayawijaya,JPY,KII,Apa jenis kegiatan  Pembinaan perdamaian yang dapat kami kontribusikan?,"Program rekonsiliasi berkelanjutan yang menyentuh aspek budaya, ekonomi, dan sosial."
Jayawijaya,JPY,KII,Apa jenis kegiatan  Pembinaan perdamaian yang dapat kami kontribusikan?,"Konflik : analisis akar masalah, komunikasi berjenjang, koordinasi pusat-daerah."
Jayawijaya,JPY,KII,Apa jenis kegiatan  Pembinaan perdamaian yang dapat kami kontribusikan?,"Bencana : kesiapan logistik, penetapan status (daerah/nasional)."
Jayawijaya,JPY,KII,Apa jenis kegiatan  Pembinaan perdamaian yang dapat kami kontribusikan?,Alternatif daerah penyangga : untuk evakuasi dan distribusi bantuan.
Jayawijaya,JPY,KII,Apa jenis kegiatan  Pembinaan perdamaian yang dapat kami kontribusikan?,"Pemberdayaan masyarakat: memperkuat ekonomi lokal, pendidikan, dan kapasitas perdamaian."
Jayawijaya,ACL,KII,Apa saja kebutuhan utama saat ini dan yang akan datang??,"Digital literasi: edukasi masyarakat tentang penggunaan media sosial, cara memilah informasi, dan bahaya hoaks."
Jayawijaya,ACL,KII,Apa saja kebutuhan utama saat ini dan yang akan datang??,Penguatan akar rumput: melalui gereja dan tokoh adat sebagai mediator utama dalam konflik.
Jayawijaya,ACL,KII,Apa saja ketegangan yang ada di negara ini?,"Konflik di Wamena semakin mudah terjadi karena **peran media sosial**. Informasi, isu, atau rumor yang beredar melalui grup WhatsApp sering memicu ketegangan sebelum peristiwa benar-benar terjadi."
Jayawijaya,ACL,KII,Bagaimana ketegangan-ketegangan tersebut muncul?,Persoalan rumah tangga (perselingkuhan).
Jayawijaya,ACL,KII,Bagaimana ketegangan-ketegangan tersebut muncul?,Pembunuhan atau tindak kriminal.
Jayawijaya,ACL,KII,Bagaimana ketegangan-ketegangan tersebut muncul?,Dana desa yang tidak transparan.
Jayawijaya,ACL,KII,Bagaimana ketegangan-ketegangan tersebut muncul?,Pergantian kepala kampung.
Jayawijaya,ACL,KII,Bagaimana ketegangan-ketegangan tersebut muncul?,Keributan akibat mabuk.
Jayawijaya,ACL,KII,Bagaimana ketegangan-ketegangan tersebut muncul?,Rasisme di kalangan pelajar/masyarakat.
Jayawijaya,ACL,KII,Bagaimana ketegangan-ketegangan tersebut muncul?,"Sejak pemekaran provinsi, arus pendatang dari kabupaten lain memperbesar peluang bentrokan, terutama di ruang publik seperti pasar dan terminal. Konflik kecil dapat dengan cepat berkembang menjadi masalah sosial yang lebih besar."
Jayawijaya,ACL,KII,"Siapa saja kelompok rentan.berisiko tinggi ? Bagaimana peningkatan ketegangan akan mempengaruhi kelompok-kelompok tersebut, terutama anak-anak dan remaja?","Anak dan remaja: bisa menjadi pemicu (ikut terlibat) sekaligus korban (trauma, kehilangan akses pendidikan)."
Jayawijaya,ACL,KII,"Siapa saja kelompok rentan.berisiko tinggi ? Bagaimana peningkatan ketegangan akan mempengaruhi kelompok-kelompok tersebut, terutama anak-anak dan remaja?","Perempuan: takut berjualan di pasar saat konflik, rentan kehilangan mata pencaharian."
Jayawijaya,ACL,KII,"Siapa saja kelompok rentan.berisiko tinggi ? Bagaimana peningkatan ketegangan akan mempengaruhi kelompok-kelompok tersebut, terutama anak-anak dan remaja?",Warga sipil (OAP maupun non-OAP): terbatas ruang gerak karena peningkatan keamanan.
Jayawijaya,ACL,KII,"Siapa saja kelompok rentan.berisiko tinggi ? Bagaimana peningkatan ketegangan akan mempengaruhi kelompok-kelompok tersebut, terutama anak-anak dan remaja?","Pendatang/pedagang: kios tutup, akses ekonomi terhenti."
Jayawijaya,ACL,KII,Apa yang menyatukan masyarakat di wilayah ini?,"adat (bakar batu, sistem kekerabatan) dan gereja (KKR, ibadah bersama)"
Jayawijaya,ACL,KII,Apa yang memecah belah masyarakat di wilayah ini?,Ketidakpercayaan OAP terhadap aparat.
Jayawijaya,ACL,KII,Apa yang memecah belah masyarakat di wilayah ini?,Kesenjangan ekonomi OAP vs pendatang.
Jayawijaya,ACL,KII,Apa yang memecah belah masyarakat di wilayah ini?,Ketidaksetaraan kesempatan kerja.
Jayawijaya,ACL,KII,Apa yang memecah belah masyarakat di wilayah ini?,Luka sejarah kerusuhan masa lalu.
Jayawijaya,ACL,KII,Apa yang memecah belah masyarakat di wilayah ini?,Persaingan politik lokal.
Jayawijaya,ACL,KII,Apa yang memecah belah masyarakat di wilayah ini?,Konflik KKB vs aparat keamanan.
Jayawijaya,ACL,KII,Apa yang memecah belah masyarakat di wilayah ini?,Hoaks dan provokasi digital.
Jayawijaya,ACL,KII,Apa yang memecah belah masyarakat di wilayah ini?,Rasisme.
Jayawijaya,ACL,KII,"Di daerah-daerah yang mengalami ketegangan yang meningkat, apa saja contoh kelompok dan/atau kegiatan yang bertujuan untuk mengurangi ketegangan dan mempromosikan perdamaian?",Pemerintah daerah: biasanya mengambil alih penyelesaian dengan mekanisme pembayaran tuntutan adat.
Jayawijaya,ACL,KII,"Di daerah-daerah yang mengalami ketegangan yang meningkat, apa saja contoh kelompok dan/atau kegiatan yang bertujuan untuk mengurangi ketegangan dan mempromosikan perdamaian?","Tokoh agama (gereja, masjid): meredam ketegangan dengan pesan moral dan spiritual."
Jayawijaya,ACL,KII,"Di daerah-daerah yang mengalami ketegangan yang meningkat, apa saja contoh kelompok dan/atau kegiatan yang bertujuan untuk mengurangi ketegangan dan mempromosikan perdamaian?","Tokoh adat/paguyuban: menjaga legitimasi budaya, namun peran mereka sering terbatas pada meredam, bukan menyelesaikan."
Jayawijaya,ACL,KII,"Di daerah-daerah yang mengalami ketegangan yang meningkat, apa saja contoh kelompok dan/atau kegiatan yang bertujuan untuk mengurangi ketegangan dan mempromosikan perdamaian?","Pola penyelesaian konflik masih dominan berbasis **kompensasi uang**, bukan transformasi akar masalah."
Jayawijaya,ACL,KII,Kelompok mana yang paling berpengaruh dan di mana mereka berada?,"Anak muda: beroperasi di dunia maya, memengaruhi persepsi publik melalui media sosial."
Jayawijaya,ACL,KII,Kelompok mana yang paling berpengaruh dan di mana mereka berada?,"Tokoh adat & tokoh agama : “pemadam kebakaran” saat konflik, membawa pesan moral dan perdamaian."
Jayawijaya,ACL,KII,Kelompok mana yang paling berpengaruh dan di mana mereka berada?,"Pemerintah daerah: penyelesai masalah, pembuat kebijakan, dan pemberi kompensasi."
Jayawijaya,ACL,KII,Kelompok mana yang paling berpengaruh dan di mana mereka berada?,"Aparat keamanan: menjaga keamanan wilayah, namun juga berpotensi memicu konflik dengan anak muda terkait ideologi Papua Merdeka"
Jayawijaya,ACL,KII,Bagaimana hubungan di antara mereka?,Umumnya kooperatif dalam menyelesaikan konflik.
Jayawijaya,ACL,KII,Bagaimana hubungan di antara mereka?,Ketegangan bisa muncul antara anak muda dan aparat keamanan (ideologi).
Jayawijaya,ACL,KII,Bagaimana hubungan di antara mereka?,"Perbedaan pandangan antar kelompok kadang memicu gesekan, tetapi biasanya diselesaikan melalui campur tangan pemerintah."
Jayawijaya,ACL,KII,Bagaimana Anda/bagaimana Anda melihat mereka?,"Setiap kelompok memiliki peran besar dalam mencegah konflik, tetapi juga berpotensi menjadi pemicu. Stabilitas sangat bergantung pada dominasi peran damai dibanding peran provokatif."
Jayawijaya,ACL,KII,Apa yang Anda perkirakan akan terjadi dalam 6 bulan ke depan,Sulit diprediksi karena konflik bisa muncul dari hal kecil. Faktor penentu adalah bagaimana isu dimainkan: apakah “bola panas” diteruskan atau dipadamkan.
Jayawijaya,ACL,KII,Apa yang Anda perkirakan akan terjadi dalam 6 bulan ke depan,"Risiko tetap tinggi, terutama di ruang publik (pasar, terminal) dan media sosial."
Jayawijaya,ACL,KII,Apa konsekuensi/dampak konteks ini bagi operasional LSM?,"Keamanan staf: tidak pasti, berisiko saat konflik terbuka."
Jayawijaya,ACL,KII,Apa konsekuensi/dampak konteks ini bagi operasional LSM?,Pelaksanaan program: terhambat akses dan sensitivitas sosial.
Jayawijaya,ACL,KII,Apa konsekuensi/dampak konteks ini bagi operasional LSM?,"Akses ke masyarakat : harus dijaga melalui komunikasi dengan pemerintah, tokoh adat, dan tokoh agama."
Jayawijaya,ACL,KII,Pesan publik dan swasta eksternal seperti apa yang perlu kami sampaikan,Jangan terpancing hoaks.
Jayawijaya,ACL,KII,Pesan publik dan swasta eksternal seperti apa yang perlu kami sampaikan,Jangan berkomentar tentang konflik tanpa memahami duduk persoalan.
Jayawijaya,ACL,KII,Pesan publik dan swasta eksternal seperti apa yang perlu kami sampaikan,Sampaikan pesan perdamaian yang menyejukkan.
Jayawijaya,ACL,KII,Apa jenis kegiatan  Pembinaan perdamaian yang dapat kami kontribusikan?,"Konflik ideologi (Papua Merdeka): penyelesaian jangka panjang melalui pendidikan, pelayanan kesehatan, dan pembangunan inklusif."
Jayawijaya,ACL,KII,Apa jenis kegiatan  Pembinaan perdamaian yang dapat kami kontribusikan?,"Ketegangan sosial lain bisa ditangani dengan pertemuan rutin, agenda perdamaian, dan kampanye lintas kelompok."
Jayawijaya,ACL,KII,Apa jenis kegiatan  Pembinaan perdamaian yang dapat kami kontribusikan?,"Pendekatan multi-level (kebijakan, komunitas, digital literasi) diperlukan untuk membangun ketahanan sosial jangka panjang."
Sentani,Dinas Sosial,KII,Apa saja kebutuhan utama saat ini dan yang akan datang di komunitas Anda?,"Perhatian untuk Anak Terlantar dan Berisiko: Ditemukan anak-anak yang sudah menggunakan narkoba (hasil pemeriksaan bersama BNN di sekolah), Ada anak yang menggunakan aibon di jalanan, dan Ditemukan kasus anak kelas 5 SD yang terinfeksi HIV/AIDS (di Puskesmas)."
Sentani,Dinas Sosial,KII,Siapa yang akan Anda minta bantuan untuk mengatasi kebutuhan-kebutuhan ini?,Narkoba dan Aibon: Bekerja sama dengan BNN.
Sentani,Dinas Sosial,KII,Siapa yang akan Anda minta bantuan untuk mengatasi kebutuhan-kebutuhan ini?,"Rehabilitasi Sosial: BNN menangani rehabilitasi medis, Dinas Sosial menangani pemulihan fungsi sosial pasca-rehab."
Sentani,Dinas Sosial,KII,Siapa yang akan Anda minta bantuan untuk mengatasi kebutuhan-kebutuhan ini?,Pencegahan: Melakukan penyuluhan di sekolah-sekolah bersama BNN dan mantan pecandu.
Sentani,Dinas Sosial,KII,Apa saja ketegangan yang terjadi di komunitas Anda yang mempengaruhi keluarga Anda?,Penyalahgunaan Narkoba dan Zat Berbahaya: Anak-anak menggunakan narkoba dan aibon.
Sentani,Dinas Sosial,KII,Apa saja ketegangan yang terjadi di komunitas Anda yang mempengaruhi keluarga Anda?,"Kasus HIV pada Anak: Anak SD terinfeksi HIV, diduga karena kekerasan seksual yang dipicu oleh alkohol atau narkoba."
Sentani,Dinas Sosial,KII,Apa saja ketegangan yang terjadi di komunitas Anda yang mempengaruhi keluarga Anda?,Dampak Ikutan: Marak pencurian (seperti helm) yang dilakukan anak-anak untuk membeli barang terlarang.
Sentani,Dinas Sosial,KII,Apa saja ketegangan yang terjadi di komunitas Anda yang mempengaruhi keluarga Anda?,"Dampak Sosial: Masyarakat merasa tidak nyaman, keluarga merasa malu."
Sentani,Dinas Sosial,KII,Bagaimana ketegangan tersebut muncul?,"Pengaruh Lingkungan: Diduga kuat pengaruh pergaulan menjadi penyebab utama, karena orang tua anak-anak tersebut tidak memiliki riwayat penyalahgunaan narkoba atau HIV."
Sentani,Dinas Sosial,KII,Bagaimana ketegangan tersebut muncul?,Faktor Keluarga: Banyak anak yang terlibat berasal dari keluarga broken home.
Sentani,Dinas Sosial,KII,Bagaimana ketegangan tersebut muncul?,"Kurangnya Sarana Positif: Tempat bermain anak sangat terbatas. Contoh: Stadion yang seharusnya bisa dibuka untuk umum pada sore hari malah dikenakan tarif, sehingga anak-anak tidak memiliki kegiatan aman dan mencari pelampiasan ke hal-hal negatif."
Sentani,Dinas Sosial,KII,Mengapa ketegangan ini bisa terjadi?,"Kurangnya pengawasan, minimnya fasilitas rehabilitasi, dan lemahnya dukungan keluarga"
Sentani,Dinas Sosial,KII,Siapa kelompok rentan/berisiko tinggi?,"Anak-anak dan Remaja: Terutama yang putus sekolah, berasal dari keluarga broken home, atau tinggal di lingkungan pergaulan yang buruk."
Sentani,Dinas Sosial,KII,Siapa kelompok rentan/berisiko tinggi?,Keluarga: Mengalami rasa malu dan stigma sosial.
Sentani,Dinas Sosial,KII,Siapa kelompok rentan/berisiko tinggi?,Masyarakat Umum: Merasa tidak nyaman karena marak pencurian.
Sentani,Dinas Sosial,KII, Contoh kelompok/kegiatan yang mempromosikan perdamaian?,Program pasca-rehab di Balai Tuduboli (pelatihan skill untuk mantan pengguna).
Sentani,Dinas Sosial,KII, Contoh kelompok/kegiatan yang mempromosikan perdamaian?,Penyuluhan pencegahan di sekolah-sekolah.
Sentani,Dinas Sosial,KII, Contoh kelompok/kegiatan yang mempromosikan perdamaian?,Pendampingan anak mantan pengguna agar fungsi sosialnya pulih.
Sentani,Dinas Sosial,KII,"Bagaimana masyarakat memandang aktor (Pemerintah, LSM, dll)?",Tidak ada penolakan keras atau tindakan anarkis. Masyarakat cenderung takut dan menghindar.
Sentani,Dinas Sosial,KII,"Bagaimana masyarakat memandang aktor (Pemerintah, LSM, dll)?","Pola pikir masyarakat: ""Kalau tidak dapat bantuan, kalian balik saja."" Artinya, masyarakat sering mengasosiasikan kedatangan LSM/dinas dengan pemberian bantuan materi."
Sentani,Dinas Sosial,KII,"Bagaimana masyarakat memandang aktor (Pemerintah, LSM, dll)?","Keluarga kadang tidak mau bertanggung jawab, terutama jika anak mengalami gangguan jiwa, sehingga Dinas Sosial kesulitan mengawasi 24 jam dan pengobatan menjadi tidak efektif."
Sentani,Dinas Sosial,KII,Skenario 6 bulan ke depan:,Keamanan: Potensi gangguan keamanan dari anak-anak yang mencari uang untuk membeli narkoba/aibon (pencurian).
Sentani,Dinas Sosial,KII,Skenario 6 bulan ke depan:,"Sosial: Stigma dan diskriminasi terhadap anak bermasalah, terutama di lingkungan sekolah."
Sentani,Dinas Sosial,KII,Apa yang perlu dilakukan dan oleh siapa?,Fasilitas Rehabilitasi: Perlu penambahan fasilitas rehab karena saat ini sangat kurang.
Sentani,Dinas Sosial,KII,Apa yang perlu dilakukan dan oleh siapa?,Pendampingan Keluarga: Keluarga perlu didorong untuk lebih bertanggung jawab dalam merawat anggota keluarganya yang bermasalah.
Sentani,Dinas Sosial,KII,Apa yang perlu dilakukan dan oleh siapa?,Ruang Publik: Perlu disediakan ruang bermain/berkegiatan positif untuk anak-anak yang terjangkau (gratis/murah).
Sentani,Dinas Sosial,KII,Apa jenis kegiatan  Pembinaan perdamaian yang dapat kami kontribusikan?,"Mendengar ada program pendampingan anak dari pihak tertentu, hal ini sangat bagus. Jika anak-anak tersebut termasuk dalam komunitas kampung yang ada, bisa bekerja sama untuk mengawasi mereka."
Sentani,Dinas Sosial,KII,Apa jenis kegiatan  Pembinaan perdamaian yang dapat kami kontribusikan?,Adanya lembaga yang membantu proses rehabilitasi dan pendampingan jangka panjang.
Sentani,Dinas Sosial,KII,Apa jenis kegiatan  Pembinaan perdamaian yang dapat kami kontribusikan?,Pentingnya membangun kesadaran keluarga untuk mendukung pemulihan anak-anak mereka.
Sentani,Dinas Pendidikan,KII,Apa saja kebutuhan utama saat ini dan yang akan datang di komunitas Anda?,"PAUD: Banyak PAUD yang dibuka hanya untuk mendapatkan bantuan (BUP), tetapi tidak berjalan karena tidak ada tenaga pengajar yang memiliki gelar pendidikan yang sesuai."
Sentani,Dinas Pendidikan,KII,Apa saja kebutuhan utama saat ini dan yang akan datang di komunitas Anda?,Honor Guru: Dana APBD tidak mencukupi sehingga pembayaran honor guru sering terlambat.
Sentani,Dinas Pendidikan,KII,Apa saja kebutuhan utama saat ini dan yang akan datang di komunitas Anda?,"Status Bangunan: Banyak bangunan PAUD menggunakan rumah pribadi, sehingga saat ada bantuan sulit dicairkan karena tidak memiliki sertifikat sebagai gedung sekolah."
Sentani,Dinas Pendidikan,KII,Apa saja kebutuhan utama saat ini dan yang akan datang di komunitas Anda?,"SD: Banyak SD dalam kondisi rusak, dana tidak cukup untuk perbaikan."
Sentani,Dinas Pendidikan,KII,Apa saja kebutuhan utama saat ini dan yang akan datang di komunitas Anda?,"Sengketa Tanah: Terjadi pemalangan sekolah karena tanah sekolah belum dibayar. Akibatnya, anak-anak di kampung sendiri tidak bisa sekolah dengan baik."
Sentani,Dinas Pendidikan,KII,Apa saja kebutuhan utama saat ini dan yang akan datang di komunitas Anda?,"Pelepasan Tanah: Syarat utama untuk perbaikan gedung adalah adanya pelepasan tanah, namun ini sering menjadi kendala."
Sentani,Dinas Pendidikan,KII,Apa saja ketegangan yang terjadi di komunitas Anda yang mempengaruhi keluarga Anda?,Palang Sekolah: Masalah utama adalah pemalangan sekolah oleh pemilik hak tanah.
Sentani,Dinas Pendidikan,KII,Apa saja ketegangan yang terjadi di komunitas Anda yang mempengaruhi keluarga Anda?,"Potensi Konflik Dana: Saat ini masalah dana belum menimbulkan konflik, tapi ke depannya berpotensi muncul konflik. Indikasinya bisa terlihat dari media sosial yang mulai menjelekkan nama dinas tertentu."
Sentani,Dinas Pendidikan,KII,Apa saja ketegangan yang terjadi di komunitas Anda yang mempengaruhi keluarga Anda?,"Pembagian Dana: Dana dari pusat dibagi merata ke 5 bidang, sehingga ada pihak yang tidak mendapat bantuan dan tidak sempat digaji."
Sentani,Dinas Pendidikan,KII,Bagaimana ketegangan tersebut muncul?,Masalah Pengelolaan Keuangan: Masalah yang muncul sebelumnya disebabkan oleh Penjabat (PJ) atau pejabat sebelumnya yang tidak bisa mengelola keuangan dengan baik.
Sentani,Dinas Pendidikan,KII,Bagaimana ketegangan tersebut muncul?,Isu Suku: Ditanyakan apakah ada potensi konflik antar suku (antara pembuat sekolah dan pemegang sistem pemerintahan). Jawaban: Di sekolah tidak ada masalah terkait suku.
Sentani,Dinas Pendidikan,KII,Mengapa ketegangan ini terjadi?,"Karena adanya oknum yang tidak mampu mengelola keuangan dengan baik, serta masalah kepemilikan tanah yang belum terselesaikan."
Sentani,Dinas Pendidikan,KII,Bagaimana ketegangan ini berubah dalam beberapa bulan terakhir?,Pihak dinas berusaha meredam jika ada yang mulai membicarakan tentang dana yang belum cair agar tidak terjadi konflik di masyarakat.
Sentani,Dinas Pendidikan,KII,Siapa kelompok rentan/berisiko tinggi?,Orang yang punya hak atas tanah dan anak-anak menjadi korban karena tidak bisa bersekolah akibat pemalangan.
Sentani,Dinas Pendidikan,KII,"Bagaimana masyarakat memandang aktor (Pemerintah, LSM, dll)?","Kebanyakan guru yang bermasalah adalah saudara sendiri (Orang Asli Papua/OAP). Mereka mengajar hanya sebagai rutinitas dan mengincar gaji, bukan sebagai panggilan."
Sentani,Dinas Pendidikan,KII,"Bagaimana masyarakat memandang aktor (Pemerintah, LSM, dll)?","Hal ini mempengaruhi orang luar yang datang bekerja, karena mereka menjadi tidak segan dan ikut-ikutan melakukan hal yang sama."
Sentani,Dinas Pendidikan,KII,Skenario 6 bulan ke depan:,Keamanan: Tidak ada karena lingkungan aman
Sentani,Dinas Pendidikan,KII,Skenario 6 bulan ke depan:,Politik: Politik tidak mempengaruhi tugas di dinas pendidikan.
Sentani,Dinas Pendidikan,KII,Skenario 6 bulan ke depan:,Ekonomi: Potensi konflik bisa muncul terkait dana yang belum cair dan masalah tanah sekolah.
Sentani,Dinas Pendidikan,KII,Apa yang perlu dilakukan dan oleh siapa?,Saat ini pihak dinas berusaha meredam pembicaraan tentang dana yang belum cair agar tidak memicu konflik.
Sentani,Dinas Pendidikan,KII,Apa yang bisa dilakukan Bersama dengan WVI:,"Penyuluhan untuk Guru: Mengingatkan bahwa profesi guru adalah panggilan untuk mengajar, bukan sekadar rutinitas harian yang hanya mengincar gaji."
Sentani,Dinas Pendidikan,KII,Apa yang bisa dilakukan Bersama dengan WVI:,"Pembinaan Spiritual: Agar guru menyadari bahwa tugas mereka adalah panggilan mulia, sehingga anak-anak bisa melihat sosok Tuhan Yesus melalui diri guru."
Sentani,Dinas Pendidikan,KII,Apa yang bisa dilakukan Bersama dengan WVI:,Peningkatan Skill: Agar guru bisa mengajar dengan cara yang menarik sehingga anak-anak lebih memahami pelajaran.
Sentani,Dinas Pendidikan,KII,Pesan untuk WVI:,"Kegiatan apa pun yang dilakukan untuk melayani Tuhan dan mengasihi sesama akan aman-aman saja, terutama jika dilakukan bersama OAP."
Sentani,Dinas Pendidikan,KII,Pesan untuk WVI:,Diharapkan ada lembaga yang membantu menyadarkan guru akan panggilan mulia mereka.
Asmat,RJF,KII,Apa saja kebutuhan utama saat ini dan yang akan datang?,"Kebutuhan Jangka Pendek (Saat Ini): Mencakup pemenuhan keamanan, kesehatan darurat, pangan/logistik, serta pemenuhan layanan dasar."
Asmat,RJF,KII,Apa saja kebutuhan utama saat ini dan yang akan datang?,"Kebutuhan Jangka Menengah-Panjang (Masa Depan): Meliputi perbaikan tata kelola yang transparan, pembangunan infrastruktur, pemberdayaan ekonomi, pendidikan, manajemen konflik, serta pembangunan sistem kesiapsiagaan."
Asmat,RJF,KII,"Apa saja ketegangan yang ada di negara ini? Setelah Negara, turun ke level provinsi, kabupaten.","Masyarakat–Aparat: Ketidakpercayaan, kecurigaan penggunaan kekuatan, reaksi emosional atas insiden."
Asmat,RJF,KII,"Apa saja ketegangan yang ada di negara ini? Setelah Negara, turun ke level provinsi, kabupaten.","Antar-Kelompok Lokal: Sengketa wilayah adat, distribusi bantuan antar kampung."
Asmat,RJF,KII,"Apa saja ketegangan yang ada di negara ini? Setelah Negara, turun ke level provinsi, kabupaten.","Sosial-Ekonomi: Ketimpangan akses bantuan, keterbatasan lapangan kerja, ketergantungan pada bantuan pemerintah."
Asmat,RJF,KII,Bagaimana ketegangan-ketegangan tersebut muncul?,"Insiden keamanan (benturan warga–aparat, penangkapan, dugaan kekerasan)."
Asmat,RJF,KII,Bagaimana ketegangan-ketegangan tersebut muncul?,Distribusi bantuan tidak merata.
Asmat,RJF,KII,Bagaimana ketegangan-ketegangan tersebut muncul?,Proyek tanpa konsultasi adat.
Asmat,RJF,KII,Bagaimana ketegangan-ketegangan tersebut muncul?,"Isu politik lokal (pemilu, rekrutmen aparat kampung, penunjukan pejabat)."
Asmat,RJF,KII,Bagaimana ketegangan-ketegangan tersebut muncul?,"Keterbatasan layanan negara (kesehatan, pendidikan, transportasi, informasi)."
Asmat,RJF,KII,Bagaimana ketegangan-ketegangan tersebut muncul?,"Masalah hak adat (batas wilayah, ganti rugi, pelibatan adat)."
Asmat,RJF,KII,Bagaimana ketegangan-ketegangan tersebut muncul?,"Trauma sosial masa lalu (krisis kesehatan, konflik, ketidakadilan)."
Asmat,RJF,KII,Bagaimana ketegangan-ketegangan tersebut muncul?,"Lemahnya komunikasi pemerintah–warga (bahasa, budaya, aspirasi lambat ditanggapi)."
Asmat,RJF,KII,Menurut anda mengapa ketegangan ini terjadi?,"Krisis di Asmat adalah cermin dari ketimpangan struktural dan lemahnya kehadiran negara. Konflik di Asmat bersifat laten dan berlapis. Krisis hanya menjadi katalis yang mempercepat munculnya ketegangan lama. Ketegangan bersifat situasional, muncul saat ada pemicu, tetapi berakar pada masalah struktural yang belum terselesaikan."
Asmat,RJF,KII,Bagaimana ketegangan tersebut berubah dalam beberapa bulan terakhir?,"Pola “Tenang – Meledak – Reda”: konflik laten, reaktif, muncul saat ada insiden kecil. Sensitivitas Tinggi terhadap Isu Keamanan: isu cepat menyebar, reaksi emosional meningkat. Ketergantungan pada Mediasi Adat: konflik lebih banyak diselesaikan oleh tokoh adat/agama daripada hukum formal. Potensi Eskalasi: ketidakpuasan belum selesai, dialog belum sistematis, akar masalah belum tuntas."
Asmat,RJF,KII,Siapa saja kelompok rentan.berisiko tinggi ?,"Anak-anak (0–12 tahun): Bergantung penuh pada orang dewasa, akses gizi dan kesehatan terbatas, sangat rentan terhadap penyakit dan trauma."
Asmat,RJF,KII,Siapa saja kelompok rentan.berisiko tinggi ?,"Remaja (13–18 tahun): Fase pencarian identitas, mudah terpengaruh lingkungan, rawan putus sekolah, minim aktivitas positif."
Asmat,RJF,KII,Siapa saja kelompok rentan.berisiko tinggi ?,"Perempuan dan ibu tunggal: Menanggung beban ganda (ekonomi + pengasuhan), akses perlindungan hukum terbatas."
Asmat,RJF,KII,Siapa saja kelompok rentan.berisiko tinggi ?,"Keluarga miskin dan terpencil: Sulit mengakses bantuan, minim cadangan pangan, paling terdampak saat distribusi terganggu."
Asmat,RJF,KII,Siapa saja kelompok rentan.berisiko tinggi ?,"Penyandang disabilitas dan lansia: Kesulitan evakuasi, bergantung pada keluarga, sering terabaikan saat krisis."
Asmat,RJF,KII,"Bagaimana peningkatan ketegangan akan mempengaruhi kelompok-kelompok tersebut, terutama anak-anak dan remaja?","Fisik/Kesehatan: Layanan kesehatan terganggu, distribusi pangan terhambat, risiko gizi buruk dan penyakit meningkat."
Asmat,RJF,KII,"Bagaimana peningkatan ketegangan akan mempengaruhi kelompok-kelompok tersebut, terutama anak-anak dan remaja?","Psikologis/Emosional: Rasa takut, trauma, gangguan tidur, kecemasan; pada remaja muncul depresi, agresivitas, atau menarik diri."
Asmat,RJF,KII,"Bagaimana peningkatan ketegangan akan mempengaruhi kelompok-kelompok tersebut, terutama anak-anak dan remaja?","Pendidikan: Sekolah ditutup, guru absen, anak terpaksa membantu ekonomi keluarga, risiko putus sekolah tinggi."
Asmat,RJF,KII,"Bagaimana peningkatan ketegangan akan mempengaruhi kelompok-kelompok tersebut, terutama anak-anak dan remaja?","Sosial/Perilaku: Normalisasi kekerasan, peniruan perilaku agresif, konflik antar kelompok muda, penyalahgunaan alkohol/zat."
Asmat,RJF,KII,"Bagaimana peningkatan ketegangan akan mempengaruhi kelompok-kelompok tersebut, terutama anak-anak dan remaja?","Eksploitasi/Kekerasan: Risiko eksploitasi anak, pernikahan dini, KDRT meningkat, perlindungan sosial melemah."
Asmat,RJF,KII,Apa yang menyatukan atau memecah belah masyarakat di wilayah ini?,"Apa yang menyatukan (Modal Sosial): Ikatan kekerabatan, tokoh adat/agama, dan budaya gotong royong menjadi kekuatan bertahan."
Asmat,RJF,KII,Apa yang menyatukan atau memecah belah masyarakat di wilayah ini?,"Apa yang memecah belah: Distribusi bantuan tidak adil, sengketa lahan adat, proyek tanpa konsultasi, dan trauma masa lalu."
Asmat,RJF,KII,"Di daerah-daerah yang mengalami ketegangan yang meningkat, apa saja contoh kelompok dan/atau kegiatan yang bertujuan untuk mengurangi ketegangan dan mempromosikan perdamaian?",Kelompok: Tokoh adat (Kepala Marga & Tokoh Adat) dan Tokoh Agama (Tokoh Gereja & Rohani) yang berperan dalam mediasi konflik.
Asmat,RJF,KII,"Di daerah-daerah yang mengalami ketegangan yang meningkat, apa saja contoh kelompok dan/atau kegiatan yang bertujuan untuk mengurangi ketegangan dan mempromosikan perdamaian?","Kegiatan: Forum musyawarah adat, mediasi konflik, koordinasi dan komunikasi terbuka, pelibatan adat sejak awal kebijakan, pendekatan persuasif aparat, transparansi distribusi sumber daya, peran aktif tokoh agama."
Asmat,RJF,KII,Kelompok mana yang paling berpengaruh dan di mana mereka berada?? Apa tujuan dan kemampuan yang mereka miliki? Bagaimana hubungan di antara mereka? Bagaimana Anda/bagaimana Anda melihat mereka?,"Kelompok Politik (Pemda, Elite Lokal, DPRD, Kepala Kampung)"
Asmat,RJF,KII,Kelompok mana yang paling berpengaruh dan di mana mereka berada?? Apa tujuan dan kemampuan yang mereka miliki? Bagaimana hubungan di antara mereka? Bagaimana Anda/bagaimana Anda melihat mereka?,"Lokasi Aktivitas: Kantor Bupati, DPRD, kantor distrik/kampung, forum Musrenbang di Agats."
Asmat,RJF,KII,Kelompok mana yang paling berpengaruh dan di mana mereka berada?? Apa tujuan dan kemampuan yang mereka miliki? Bagaimana hubungan di antara mereka? Bagaimana Anda/bagaimana Anda melihat mereka?,"Tujuan: Menjaga stabilitas pemerintahan, mengelola pembangunan/anggaran, mempertahankan legitimasi politik, mencegah eskalasi konflik."
Asmat,RJF,KII,Kelompok mana yang paling berpengaruh dan di mana mereka berada?? Apa tujuan dan kemampuan yang mereka miliki? Bagaimana hubungan di antara mereka? Bagaimana Anda/bagaimana Anda melihat mereka?,"Kemampuan: Otoritas regulasi, kontrol distribusi bantuan/proyek, akses aparat, kendali komunikasi resmi."
Asmat,RJF,KII,Kelompok mana yang paling berpengaruh dan di mana mereka berada?? Apa tujuan dan kemampuan yang mereka miliki? Bagaimana hubungan di antara mereka? Bagaimana Anda/bagaimana Anda melihat mereka?,"Hubungan: Politik dan Adat saling kooperatif saat musyawarah, kompetitif bila adat tidak dilibatkan, berpotensi konflik jika hak adat dilanggar. Politik dan Keamanan formalnya kooperatif, tetapi bisa tegang bila aparat dianggap represif. Politik dan Kemanusiaan (LSM) kooperatif dalam bantuan, kadang berbeda narasi soal HAM."
Asmat,RJF,KII,Kelompok mana yang paling berpengaruh dan di mana mereka berada?? Apa tujuan dan kemampuan yang mereka miliki? Bagaimana hubungan di antara mereka? Bagaimana Anda/bagaimana Anda melihat mereka?,Kelompok Keamanan (TNI–Polri)
Asmat,RJF,KII,Kelompok mana yang paling berpengaruh dan di mana mereka berada?? Apa tujuan dan kemampuan yang mereka miliki? Bagaimana hubungan di antara mereka? Bagaimana Anda/bagaimana Anda melihat mereka?,"Lokasi Aktivitas: Polres Asmat, Koramil, pos keamanan, pelabuhan, kantor pemerintah."
Asmat,RJF,KII,Kelompok mana yang paling berpengaruh dan di mana mereka berada?? Apa tujuan dan kemampuan yang mereka miliki? Bagaimana hubungan di antara mereka? Bagaimana Anda/bagaimana Anda melihat mereka?,"Tujuan: Menjaga ketertiban, mencegah konflik terbuka, menegakkan hukum, mengamankan fasilitas vital."
Asmat,RJF,KII,Kelompok mana yang paling berpengaruh dan di mana mereka berada?? Apa tujuan dan kemampuan yang mereka miliki? Bagaimana hubungan di antara mereka? Bagaimana Anda/bagaimana Anda melihat mereka?,"Kemampuan: Kewenangan hukum, kontrol fisik wilayah strategis, efek psikologis kehadiran aparat, respon cepat insiden."
Asmat,RJF,KII,Kelompok mana yang paling berpengaruh dan di mana mereka berada?? Apa tujuan dan kemampuan yang mereka miliki? Bagaimana hubungan di antara mereka? Bagaimana Anda/bagaimana Anda melihat mereka?,"Hubungan: Keamanan dan Adat/Masyarakat kooperatif dalam pengamanan adat, tegang saat insiden hukum, konflik bila ada dugaan ketidakadilan. Keamanan dan Agama umumnya kooperatif, gereja sering jadi mediator."
Asmat,RJF,KII,Kelompok mana yang paling berpengaruh dan di mana mereka berada?? Apa tujuan dan kemampuan yang mereka miliki? Bagaimana hubungan di antara mereka? Bagaimana Anda/bagaimana Anda melihat mereka?,Kelompok Adat/Budaya (Kepala Marga & Tokoh Adat / Dewan Adat)
Asmat,RJF,KII,Kelompok mana yang paling berpengaruh dan di mana mereka berada?? Apa tujuan dan kemampuan yang mereka miliki? Bagaimana hubungan di antara mereka? Bagaimana Anda/bagaimana Anda melihat mereka?,"Lokasi Aktivitas: Rumah adat, kampung asal marga, forum musyawarah adat, upacara adat."
Asmat,RJF,KII,Kelompok mana yang paling berpengaruh dan di mana mereka berada?? Apa tujuan dan kemampuan yang mereka miliki? Bagaimana hubungan di antara mereka? Bagaimana Anda/bagaimana Anda melihat mereka?,"Tujuan: Melindungi hak/tanah adat, menjaga kehormatan marga, menegakkan hukum adat, mempertahankan identitas budaya."
Asmat,RJF,KII,Kelompok mana yang paling berpengaruh dan di mana mereka berada?? Apa tujuan dan kemampuan yang mereka miliki? Bagaimana hubungan di antara mereka? Bagaimana Anda/bagaimana Anda melihat mereka?,"Kemampuan: Legitimasi sosial kuat, mobilisasi solidaritas, otoritas konflik lokal, bisa meredam atau memicu eskalasi."
Asmat,RJF,KII,Kelompok mana yang paling berpengaruh dan di mana mereka berada?? Apa tujuan dan kemampuan yang mereka miliki? Bagaimana hubungan di antara mereka? Bagaimana Anda/bagaimana Anda melihat mereka?,"Hubungan: Agama dan Adat sangat kooperatif, sering bekerja bersama dalam mediasi. Adat dan Ekonomi kooperatif dalam perdagangan, kompetitif bila terkait lahan atau distribusi sumber daya."
Asmat,RJF,KII,Kelompok mana yang paling berpengaruh dan di mana mereka berada?? Apa tujuan dan kemampuan yang mereka miliki? Bagaimana hubungan di antara mereka? Bagaimana Anda/bagaimana Anda melihat mereka?,Kelompok Agama (Tokoh Gereja & Rohani)
Asmat,RJF,KII,Kelompok mana yang paling berpengaruh dan di mana mereka berada?? Apa tujuan dan kemampuan yang mereka miliki? Bagaimana hubungan di antara mereka? Bagaimana Anda/bagaimana Anda melihat mereka?,"Lokasi Aktivitas: Gereja, sekolah berbasis agama, rumah pelayanan umat."
Asmat,RJF,KII,Kelompok mana yang paling berpengaruh dan di mana mereka berada?? Apa tujuan dan kemampuan yang mereka miliki? Bagaimana hubungan di antara mereka? Bagaimana Anda/bagaimana Anda melihat mereka?,"Tujuan: Menjaga perdamaian, melindungi umat, memberi pendampingan moral/spiritual."
Asmat,RJF,KII,Kelompok mana yang paling berpengaruh dan di mana mereka berada?? Apa tujuan dan kemampuan yang mereka miliki? Bagaimana hubungan di antara mereka? Bagaimana Anda/bagaimana Anda melihat mereka?,"Kemampuan: Otoritas moral tinggi, akses langsung ke komunitas, kemampuan mediasi, pengaruh opini publik."
Asmat,RJF,KII,Kelompok mana yang paling berpengaruh dan di mana mereka berada?? Apa tujuan dan kemampuan yang mereka miliki? Bagaimana hubungan di antara mereka? Bagaimana Anda/bagaimana Anda melihat mereka?,"Hubungan: Agama dan Politik kooperatif dalam kegiatan sosial, netral dalam politik, kadang kritis terhadap kebijakan."
Asmat,RJF,KII,Kelompok mana yang paling berpengaruh dan di mana mereka berada?? Apa tujuan dan kemampuan yang mereka miliki? Bagaimana hubungan di antara mereka? Bagaimana Anda/bagaimana Anda melihat mereka?,Kelompok Pemuda
Asmat,RJF,KII,Kelompok mana yang paling berpengaruh dan di mana mereka berada?? Apa tujuan dan kemampuan yang mereka miliki? Bagaimana hubungan di antara mereka? Bagaimana Anda/bagaimana Anda melihat mereka?,"Lokasi Aktivitas: Lapangan kampung, dermaga, pasar Agats, sekolah, titik kumpul komunitas."
Asmat,RJF,KII,Kelompok mana yang paling berpengaruh dan di mana mereka berada?? Apa tujuan dan kemampuan yang mereka miliki? Bagaimana hubungan di antara mereka? Bagaimana Anda/bagaimana Anda melihat mereka?,"Tujuan: Solidaritas, pengakuan sosial, respons cepat terhadap isu ketidakadilan."
Asmat,RJF,KII,Kelompok mana yang paling berpengaruh dan di mana mereka berada?? Apa tujuan dan kemampuan yang mereka miliki? Bagaimana hubungan di antara mereka? Bagaimana Anda/bagaimana Anda melihat mereka?,"Kemampuan: Mobilisasi massa cepat, dominasi ruang publik, penyebaran informasi, aksi kolektif spontan."
Asmat,RJF,KII,Kelompok mana yang paling berpengaruh dan di mana mereka berada?? Apa tujuan dan kemampuan yang mereka miliki? Bagaimana hubungan di antara mereka? Bagaimana Anda/bagaimana Anda melihat mereka?,Hubungan: Pengaruh dinamis tercepat adalah pemuda (mobilisasi spontan). Relasi bisa berubah cepat hanya karena satu insiden.
Asmat,RJF,KII,Kelompok mana yang paling berpengaruh dan di mana mereka berada?? Apa tujuan dan kemampuan yang mereka miliki? Bagaimana hubungan di antara mereka? Bagaimana Anda/bagaimana Anda melihat mereka?,"Kelompok Kemanusiaan (LSM, Pendidikan, Kesehatan)"
Asmat,RJF,KII,Kelompok mana yang paling berpengaruh dan di mana mereka berada?? Apa tujuan dan kemampuan yang mereka miliki? Bagaimana hubungan di antara mereka? Bagaimana Anda/bagaimana Anda melihat mereka?,"Lokasi Aktivitas: Puskesmas, sekolah, kantor LSM, kampung terpencil."
Asmat,RJF,KII,Kelompok mana yang paling berpengaruh dan di mana mereka berada?? Apa tujuan dan kemampuan yang mereka miliki? Bagaimana hubungan di antara mereka? Bagaimana Anda/bagaimana Anda melihat mereka?,"Tujuan: Perlindungan kelompok rentan, penyaluran bantuan, advokasi hak masyarakat, peningkatan layanan sosial."
Asmat,RJF,KII,Kelompok mana yang paling berpengaruh dan di mana mereka berada?? Apa tujuan dan kemampuan yang mereka miliki? Bagaimana hubungan di antara mereka? Bagaimana Anda/bagaimana Anda melihat mereka?,"Kemampuan: Data/informasi lapangan, jaringan eksternal, advokasi publik, mendesak akuntabilitas."
Asmat,RJF,KII,Kelompok mana yang paling berpengaruh dan di mana mereka berada?? Apa tujuan dan kemampuan yang mereka miliki? Bagaimana hubungan di antara mereka? Bagaimana Anda/bagaimana Anda melihat mereka?,"Hubungan: Kemanusiaan dan Pemerintah kooperatif dalam program sosial, kadang berbeda pandangan soal pendekatan keamanan."
Asmat,RJF,KII,Kelompok mana yang paling berpengaruh dan di mana mereka berada?? Apa tujuan dan kemampuan yang mereka miliki? Bagaimana hubungan di antara mereka? Bagaimana Anda/bagaimana Anda melihat mereka?,Kelompok Ekonomi (Pedagang & Distributor / Pelaku Usaha)
Asmat,RJF,KII,Kelompok mana yang paling berpengaruh dan di mana mereka berada?? Apa tujuan dan kemampuan yang mereka miliki? Bagaimana hubungan di antara mereka? Bagaimana Anda/bagaimana Anda melihat mereka?,"Lokasi Aktivitas: Pasar Agats, pertokoan, pelabuhan/dermaga, gudang logistik."
Asmat,RJF,KII,Kelompok mana yang paling berpengaruh dan di mana mereka berada?? Apa tujuan dan kemampuan yang mereka miliki? Bagaimana hubungan di antara mereka? Bagaimana Anda/bagaimana Anda melihat mereka?,"Tujuan: Stabilitas usaha, kelancaran distribusi barang, keamanan aktivitas ekonomi."
Asmat,RJF,KII,Kelompok mana yang paling berpengaruh dan di mana mereka berada?? Apa tujuan dan kemampuan yang mereka miliki? Bagaimana hubungan di antara mereka? Bagaimana Anda/bagaimana Anda melihat mereka?,"Kemampuan: Kontrol barang pokok, pengaruh harga, hubungan lintas kelompok sosial."
Asmat,RJF,KII,Kelompok mana yang paling berpengaruh dan di mana mereka berada?? Apa tujuan dan kemampuan yang mereka miliki? Bagaimana hubungan di antara mereka? Bagaimana Anda/bagaimana Anda melihat mereka?,Hubungan: Pengaruh ekonomi paling sensitif adalah pedagang dan distributor.
Asmat,RJF,KII,Bagaimana anda melihat mereka?,"Semua kelompok (politik, keamanan, adat, agama, kemanusiaan, pemuda, ekonomi) adalah bagian dari struktur sosial yang hidup. Peran mereka menentukan stabilitas sosial dan pengaruhnya langsung terasa di masyarakat. Keseimbangan antar kelompok menjadi kunci kedamaian; tidak ada satu kelompok pun yang bisa berdiri sendiri."
Asmat,RJF,KII,Skenario masa depan (kemungkinan terjadi dengan dampak yang besar). Apa yang Anda perkirakan akan terjadi dalam 6 bulan ke depan terkait dengan:,"Situasi keamanan? Tren: fluktuatif, relatif tenang namun sensitif terhadap insiden lokal; pengamanan titik strategis meningkat bila isu viral. Risiko: insiden adat atau hukum bisa memicu solidaritas marga -> reaksi massa cepat; gangguan sesaat menghambat sekolah, kesehatan, logistik."
Asmat,RJF,KII,Skenario masa depan (kemungkinan terjadi dengan dampak yang besar). Apa yang Anda perkirakan akan terjadi dalam 6 bulan ke depan terkait dengan:,Situasi ekonomi? Tren: harga barang sensitif pada cuaca/transportasi; ketergantungan distribusi luar wilayah; UMKM lokal berpotensi tumbuh. Risiko: gangguan transportasi -> kenaikan harga -> keresahan; keterlambatan bantuan pangan di kampung terpencil.
Asmat,RJF,KII,Skenario masa depan (kemungkinan terjadi dengan dampak yang besar). Apa yang Anda perkirakan akan terjadi dalam 6 bulan ke depan terkait dengan:,"Situasi sosial? Tren: kerentanan psikososial meningkat bila ketegangan berulang; absensi sekolah saat gangguan; gereja, sekolah, kader kesehatan jadi penyangga. Risiko: putus sekolah sementara, gangguan layanan ibu–anak, konflik kecil antar pemuda."
Asmat,RJF,KII,Apa konsekuensi/dampak konteks ini bagi operasional LSM?,"Keamanan Staf: Paparan insiden spontan, kecurigaan terhadap pihak luar, perjalanan sungai/laut berisiko saat tegang. Mobilitas staf terbatas, protokol keamanan tambahan diperlukan, komunikasi intens dengan tokoh adat/agama sebelum kegiatan."
Asmat,RJF,KII,Apa konsekuensi/dampak konteks ini bagi operasional LSM?,"Pelaksanaan Program: Penundaan kegiatan lapangan, perubahan prioritas mendadak, disrupsi logistik. Target mundur, anggaran membengkak, moral tim menurun."
Asmat,RJF,KII,Apa konsekuensi/dampak konteks ini bagi operasional LSM?,"Akses ke Masyarakat: Akses tertutup sementara bila solidaritas marga menguat, masyarakat lebih selektif menerima pihak luar, mediasi adat jadi prasyarat. Penjangkauan kelompok rentan terganggu, data lapangan tidak lengkap."
Asmat,RJF,KII,Apa konsekuensi/dampak konteks ini bagi operasional LSM?,Reputasi & Persepsi: Risiko dipersepsikan berpihak bila tidak netral. Advokasi yang tidak sensitif bisa memicu resistensi. Respons cepat dan humanis meningkatkan kepercayaan.
Asmat,RJF,KII,Apa konsekuensinya terhadap Kegiatan respon bencana konflik/kegiatan pemberdayaan/kegiatan yang sifatnya membangun perdamaian,"Desain program fleksibel, buffer waktu & stok logistik, integrasi komponen psikososial & komunikasi risiko. Respons harus berlapis: darurat untuk menyelamatkan nyawa, jangka panjang untuk membangun ketahanan. Tanpa kesinambungan, siklus krisis akan berulang."
Asmat,RJF,KII,Pesan publik dan swasta eksternal seperti apa yang perlu kami sampaikan,"Konsistensi pesan, netralitas politik, akuntabilitas publik. Sosialisasi lewat forum adat/gereja, transparansi tujuan & manfaat program."
Asmat,RJF,KII,Apa jenis kegiatan Pembinaan perdamaian yang dapat kami kontribusikan?,"Jangka Pendek (Darurat): Posko ramah anak, konseling sederhana, pengamanan sekolah, bantuan gizi darurat."
Asmat,RJF,KII,Apa jenis kegiatan Pembinaan perdamaian yang dapat kami kontribusikan?,"Jangka Menengah: Program sekolah aman, pelatihan guru soal trauma, kegiatan remaja produktif, forum orang tua."
Asmat,RJF,KII,Apa jenis kegiatan Pembinaan perdamaian yang dapat kami kontribusikan?,"Jangka Panjang: Unit perlindungan anak daerah, beasiswa berkelanjutan, pusat kegiatan pemuda, kurikulum damai berbasis lokal."
Asmat,RJF,KII,Apa jenis kegiatan Pembinaan perdamaian yang dapat kami kontribusikan?,"Rekomendasi Operasional: Stakeholder Engagement Map per distrik (adat–agama–pemda–aparat), Security Brief mingguan berbasis info lokal & media sosial, Community Acceptance Strategy: tokoh adat sebagai co-host kegiatan, Contingency Plan: alih metode ke daring/radio komunitas bila perlu, Wellbeing Staf: rotasi tugas, debrief psikososial pasca-insiden, Forum pemuda kampung (aspirasi & kegiatan positif)."
Asmat,WBW,KII,Apa saja kebutuhan utama saat ini dan yang akan datang?,Pemetaan wilayah adat partisipatif.
Asmat,WBW,KII,Apa saja kebutuhan utama saat ini dan yang akan datang?,Pengakuan legal hak ulayat sebelum proyek dilanjutkan.
Asmat,WBW,KII,Apa saja kebutuhan utama saat ini dan yang akan datang?,Perlindungan ketahanan pangan lokal.
Asmat,WBW,KII,Apa saja kebutuhan utama saat ini dan yang akan datang?,Bantuan pangan darurat dan transisi ekonomi.
Asmat,WBW,KII,Apa saja kebutuhan utama saat ini dan yang akan datang?,Pendampingan pemilik lahan untuk menjaga hak ulayat jangka panjang.
Asmat,WBW,KII,Apa saja kebutuhan utama saat ini dan yang akan datang?,"Dialog inklusif antara pemerintah, korporasi, dan MRP Selatan."
Asmat,WBW,KII,Apa saja kebutuhan utama saat ini dan yang akan datang?,Review status hutan lindung.
Asmat,WBW,KII,Apa saja kebutuhan utama saat ini dan yang akan datang?,"Penyerapan anggaran otsus agar benar-benar bermanfaat bagi masyarakat lokal, bukan hanya infrastruktur korporasi."
Asmat,WBW,KII,"Apa saja ketegangan yang ada di negara ini? Setelah Negara, turun ke level provinsi, kabupaten.",Level Provinsi (Papua Selatan):
Asmat,WBW,KII,"Apa saja ketegangan yang ada di negara ini? Setelah Negara, turun ke level provinsi, kabupaten.",Transisi pemerintahan definitif Provinsi Papua Selatan 2025–2026 berpotensi memicu persaingan antar-suku (Malind vs Mappi/Asmat) dalam birokrasi. Risiko perpecahan muncul bila distribusi kekuasaan dianggap tidak adil.
Asmat,WBW,KII,"Apa saja ketegangan yang ada di negara ini? Setelah Negara, turun ke level provinsi, kabupaten.","Level Kabupaten (Merauke, Khususnya Wilayah Proyek Strategis Nasional):"
Asmat,WBW,KII,"Apa saja ketegangan yang ada di negara ini? Setelah Negara, turun ke level provinsi, kabupaten.","Krisis ruang hidup dan konflik kepemilikan tanah (contoh: Distrik Waanan, Ilwayab)."
Asmat,WBW,KII,"Apa saja ketegangan yang ada di negara ini? Setelah Negara, turun ke level provinsi, kabupaten.",Bentrokan fisik akibat penolakan penggusuran lahan.
Asmat,WBW,KII,"Apa saja ketegangan yang ada di negara ini? Setelah Negara, turun ke level provinsi, kabupaten.",Kesenjangan sosial: kekhawatiran marginalisasi OAP oleh tenaga kerja pendatang.
Asmat,WBW,KII,Bagaimana ketegangan-ketegangan tersebut muncul?,Pemicu Peristiwa: Pengerahan alat berat tanpa AMDAL transparan dan persetujuan adat.
Asmat,WBW,KII,Bagaimana ketegangan-ketegangan tersebut muncul?,"Akar Masalah: Paradigma ""Tanah Kosong"" vs. nilai sakral lahan adat serta lemahnya posisi tawar masyarakat adat."
Asmat,WBW,KII,Bagaimana ketegangan-ketegangan tersebut muncul?,"Peristiwa Penting Dua Tahun Terakhir: Sidang MPL PGI Februari 2026 menolak PSN pangan dan militerisme. Deforestasi masif menghancurkan sumber pangan alami masyarakat adat (Malind, Yeinan, dll)."
Asmat,WBW,KII,Menurut anda mengapa ketegangan ini terjadi?,"Papua Selatan, khususnya Merauke, sedang bertransformasi dari zona administratif baru menjadi pusat Proyek Strategis Nasional (PSN). Transformasi ini membuka peluang ekonomi namun juga memicu konflik kepemilikan lahan, identitas, dan ekologi. Papua Selatan menghadapi ketegangan multidimensi antara ambisi ketahanan pangan nasional dan kedaulatan hak ulayat."
Asmat,WBW,KII,Bagaimana ketegangan tersebut berubah dalam beberapa bulan terakhir?,"Isu bergeser dari sengketa lahan menjadi ekosida. Perlawanan melibatkan institusi keagamaan dan solidaritas nasional. Di sisi lain, terjadi peningkatan kehadiran aparat militer, termasuk batalion baru untuk pengamanan food estate dan tebu. Persepsi masyarakat adat: keterlibatan militer dianggap sebagai tekanan. Laju alat berat lebih cepat daripada proses dialog."
Asmat,WBW,KII,Siapa saja kelompok rentan.berisiko tinggi ?,"Masyarakat adat (Malind, Yeinan, dll)."
Asmat,WBW,KII,Siapa saja kelompok rentan.berisiko tinggi ?,Perempuan asli Papua (Mama-mama).
Asmat,WBW,KII,Siapa saja kelompok rentan.berisiko tinggi ?,Anak-anak dan remaja.
Asmat,WBW,KII,"Bagaimana peningkatan ketegangan akan mempengaruhi kelompok-kelompok tersebut, terutama anak-anak dan remaja?",Malnutrisi dan stunting.
Asmat,WBW,KII,"Bagaimana peningkatan ketegangan akan mempengaruhi kelompok-kelompok tersebut, terutama anak-anak dan remaja?",Trauma psikologis dan normalisasi kekerasan.
Asmat,WBW,KII,"Bagaimana peningkatan ketegangan akan mempengaruhi kelompok-kelompok tersebut, terutama anak-anak dan remaja?",Disrupsi pendidikan dan layanan dasar.
Asmat,WBW,KII,"Bagaimana peningkatan ketegangan akan mempengaruhi kelompok-kelompok tersebut, terutama anak-anak dan remaja?",Erosi identitas dan keputusasaan sosial.
Asmat,WBW,KII,Apa yang menyatukan atau memecah belah masyarakat di negara ini? Apa yang menyatukan atau memecah belah masyarakat di wilayah ini?,"Faktor Pemersatu Wilayah: Falsafah adat ""Izakod Kai Izakod Kai"". Identitas provinsi baru Papua Selatan. Peran institusi keagamaan sebagai mediator. Interaksi ekonomi di pasar tradisional."
Asmat,WBW,KII,Apa yang menyatukan atau memecah belah masyarakat di negara ini? Apa yang menyatukan atau memecah belah masyarakat di wilayah ini?,Faktor Pemecah Belah Wilayah (Pemicu Perpecahan): Pengikisan ruang hidup akibat PSN.  Perbedaan persepsi nilai tanah (ekonomis vs sakral).  Dominasi tenaga kerja pendatang.  Kontras fasilitas proyek vs kemiskinan lokal.  Pengamanan ketat dianggap intimidatif.  Risiko distribusi kekuasaan antar-suku. 
Asmat,WBW,KII,"Di daerah-daerah yang mengalami ketegangan yang meningkat, apa saja contoh kelompok dan/atau kegiatan yang bertujuan untuk mengurangi ketegangan dan mempromosikan perdamaian??","Kelompok / Lembaga: Institusi Keagamaan (Gereja & Lintas Agama): Mediator terpercaya, SKP Keuskupan Agung Merauke aktif dalam pendampingan hukum berbasis HAM.  MRP Papua Selatan: Lembaga representatif OAP, melakukan RDP untuk konsolidasi suara marga dan mencegah konflik horizontal.  Komunitas Kreatif Remaja: Festival budaya dan seni sebagai ruang aman, mencegah keterlibatan remaja dalam kekerasan atau perilaku destruktif.  "
Asmat,WBW,KII,"Di daerah-daerah yang mengalami ketegangan yang meningkat, apa saja contoh kelompok dan/atau kegiatan yang bertujuan untuk mengurangi ketegangan dan mempromosikan perdamaian??","Kegiatan / Strategi: Dialog darurat “Para-Para Adat” di balai desa/gereja.  Komite Damai (tokoh adat, pemuda, perempuan) untuk verifikasi informasi anti-hoaks.  Gugus Tugas Mediasi Independen (akademisi, tokoh agama, Komnas HAM).  Program “Pemuda Penggerak Damai” melalui seni/olahraga lintas latar belakang.  Penyembuhan trauma berbasis budaya (ritual perdamaian suku Malind).  Literasi hukum bagi masyarakat adat.  "
Asmat,WBW,KII,Kelompok mana yang paling berpengaruh dan di mana mereka berada?? Apa tujuan dan kemampuan yang mereka miliki? Bagaimana hubungan di antara mereka? Bagaimana Anda/bagaimana Anda melihat mereka??,"Institusi Keagamaan (Gereja & Lintas Agama) / SKP Keuskupan Agung Merauke: Peran & Lokasi: Mediator terpercaya di Merauke/Papua Selatan.  Tujuan & Kemampuan: Melakukan pendampingan hukum berbasis HAM , menjadi mediator , melibatkan diri dalam solidaritas nasional. "
Asmat,WBW,KII,Kelompok mana yang paling berpengaruh dan di mana mereka berada?? Apa tujuan dan kemampuan yang mereka miliki? Bagaimana hubungan di antara mereka? Bagaimana Anda/bagaimana Anda melihat mereka??,MRP Papua Selatan: Peran & Lokasi: Lembaga representatif OAP di tingkat Provinsi Papua Selatan.  Tujuan & Kemampuan: Melakukan RDP (Rapat Dengar Pendapat) untuk konsolidasi suara marga dan mencegah konflik horizontal.  
Asmat,WBW,KII,Kelompok mana yang paling berpengaruh dan di mana mereka berada?? Apa tujuan dan kemampuan yang mereka miliki? Bagaimana hubungan di antara mereka? Bagaimana Anda/bagaimana Anda melihat mereka??,"Aparat Militer / Batalion Baru: Peran & Lokasi: Ditempatkan untuk pengamanan food estate dan tebu.  Kemampuan & Dampak: Pengerahan kekuatan fisik/alat berat , menimbulkan pengamanan ketat yang dianggap intimidatif dan dipersepsikan sebagai tekanan oleh masyarakat adat. "
Asmat,WBW,KII,Kelompok mana yang paling berpengaruh dan di mana mereka berada?? Apa tujuan dan kemampuan yang mereka miliki? Bagaimana hubungan di antara mereka? Bagaimana Anda/bagaimana Anda melihat mereka??,"Korporasi / Pengelola Proyek Strategis Nasional (PSN): Peran & Lokasi: Pusat aktivitas ekonomi/pembukaan lahan di wilayah food estate dan tebu (seperti Distrik Waanan, Ilwayab).  Kemampuan & Dampak: Memiliki infrastruktur korporasi , melakukan deforestasi masif dan pembukaan lahan gambut/rawa , mendatangkan tenaga kerja pendatang.  "
Asmat,WBW,KII,Hubungan Di Antara Mereka & Cara Pandang:,Hubungan antara Korporasi/Aparat dengan Masyarakat Adat mengalami ketegangan tinggi akibat bentrokan fisik penolakan penggusuran lahan. Hubungan antar-suku (Malind vs Mappi/Asmat) dalam birokrasi berpotensi memicu persaingan. Kehadiran pihak luar (LSM/Donor) harus mendukung aspirasi lokal (MRP/Gereja). Kelompok kritis yang menyuarakan hak atas ruang hidup mendapatkan hambatan berupa stigmatisasi dicap “anti-pembangunan”
Asmat,WBW,KII,Skenario masa depan (kemungkinan terjadi dengan dampak yang besar). Apa yang Anda perkirakan akan terjadi dalam 6 bulan ke depan terkait dengan:,Situasi keamanan? Ancaman utama: bentrokan fisik akibat penolakan penggusuran lahan. Pengamanan ketat dianggap intimidatif.
Asmat,WBW,KII,Skenario masa depan (kemungkinan terjadi dengan dampak yang besar). Apa yang Anda perkirakan akan terjadi dalam 6 bulan ke depan terkait dengan:,Situasi politik? Transisi kepemimpinan gubernur definitif. Transisi pemerintahan definitif Provinsi Papua Selatan 2025–2026 berpotensi memicu persaingan antar-suku (Malind vs Mappi/Asmat) dalam birokrasi.
Asmat,WBW,KII,Skenario masa depan (kemungkinan terjadi dengan dampak yang besar). Apa yang Anda perkirakan akan terjadi dalam 6 bulan ke depan terkait dengan:,"Situasi ekonomi? Keterlibatan OAP bukan hanya sebagai buruh kasar. Kontras fasilitas proyek vs kemiskinan lokal. Penyerapan anggaran otsus agar benar-benar bermanfaat bagi masyarakat lokal, bukan hanya infrastruktur korporasi."
Asmat,WBW,KII,Skenario masa depan (kemungkinan terjadi dengan dampak yang besar). Apa yang Anda perkirakan akan terjadi dalam 6 bulan ke depan terkait dengan:,"Situasi sosial? Dampak ekologis: kekeringan, banjir akibat pembukaan lahan gambut dan rawa. Malnutrisi, stunting, trauma psikologis, normalisasi kekerasan, disrupsi pendidikan, erosi identitas dan keputusasaan sosial."
Asmat,WBW,KII,Apa konsekuensi/dampak konteks ini bagi operasional LSM?,Mobilitas dan Pelaksanaan Program: Menghadapi keterbatasan sumber daya karena dana pendampingan hukum/psikososial minim. Operasional harus berkejaran dengan kecepatan proyek karena laju alat berat lebih cepat daripada proses dialog.
Asmat,WBW,KII,Apa konsekuensi/dampak konteks ini bagi operasional LSM?,Tantangan Advokasi: Adanya hambatan berupa stigmatisasi di mana kelompok kritis dicap “anti-pembangunan”. Krisis ruang hidup menuntut LSM melakukan pendampingan pemilik lahan untuk menjaga hak ulayat jangka panjang.
Asmat,WBW,KII,Apa konsekuensinya terhadap Kegiatan respon bencana konflik/kegiatan pemberdayaan/kegiatan yang sifatnya membangun perdamaian,Diperlukan audit sosial transparan dengan moratorium operasional bila perlu. Penyelenggaraan proyek ekonomi tidak berkelanjutan tanpa persetujuan masyarakat adat. Perlunya mitigasi potensi konflik horizontal lewat literasi hukum dan komite damai.
Asmat,WBW,KII,Pesan publik dan swasta eksternal seperti apa yang perlu kami sampaikan,Publik Luas: Gunakan narasi “Hak Atas Ruang Hidup” bukan “Separatisme”. Ingatkan filosofi persaudaraan universal Izakod Kai Izakod Kai. Hindari visualisasi provokatif tanpa konteks.
Asmat,WBW,KII,Pesan publik dan swasta eksternal seperti apa yang perlu kami sampaikan,"Donor, Institusi Internasional, Pemerintah: Proyek ekonomi tidak berkelanjutan tanpa persetujuan masyarakat adat. Pengamanan harus dialogis melalui tokoh agama/adat, bukan militeristik. Audit independen dampak ekologis diperlukan."
Asmat,WBW,KII,Pesan publik dan swasta eksternal seperti apa yang perlu kami sampaikan,"Masyarakat Lokal: Kehadiran pihak luar harus mendukung aspirasi lokal (MRP/Gereja). Fokus pada pendidikan, kesehatan, dan identitas alam bagi generasi muda"
Asmat,WBW,KII,Apa jenis kegiatan Pembinaan perdamaian yang dapat kami kontribusikan?,"SOP Kemanusiaan: senjata api sebagai opsi terakhir, zona aman di sekolah/puskesmas."
Asmat,WBW,KII,Apa jenis kegiatan Pembinaan perdamaian yang dapat kami kontribusikan?,Dukungan psikososial di sekolah untuk anak-anak.
Asmat,WBW,KII,Apa jenis kegiatan Pembinaan perdamaian yang dapat kami kontribusikan?,Dialog darurat “Para-Para Adat” di balai desa/gereja.
Asmat,WBW,KII,Apa jenis kegiatan Pembinaan perdamaian yang dapat kami kontribusikan?,Program “Pemuda Penggerak Damai” melalui seni/olahraga lintas latar belakang.
Asmat,WBW,KII,Apa jenis kegiatan Pembinaan perdamaian yang dapat kami kontribusikan?,Penyembuhan trauma berbasis budaya (ritual perdamaian suku Malind).
Asmat,WBW,KII,Apa jenis kegiatan Pembinaan perdamaian yang dapat kami kontribusikan?,"Pembentukan Komite Damai (tokoh adat, pemuda, perempuan) untuk verifikasi informasi anti-hoaks."