Wilayah,Kelompok_Usia,Jenis_Kelamin,Kategori_Responden,Pertanyaan,Tanggapan
Jayawijaya,Anak,Laki laki,Masyarakat,Kehidupan sehari-hari bikin apa?,"Kehidupan setiap hari hanya belajar, pulang kerumah"
Jayawijaya,Anak,Laki laki,Masyarakat,Kehidupan sehari-hari bikin apa?,"Sebagai pelajar menimbah ilmu, sore ektrakurikuler dan malam membantu orang tua"
Jayawijaya,Anak,Laki laki,Masyarakat,Kehidupan sehari-hari bikin apa?,"Belajar, kerja bantu orang berkekurangan dan aktifitas lain"
Jayawijaya,Anak,Laki laki,Masyarakat,Kehidupan sehari-hari bikin apa?,"Belajar, pulang bantu orang tua kalau tidak ada tambahan les"
Jayawijaya,Anak,Laki laki,Masyarakat,Kehidupan sehari-hari bikin apa?,Belajar dan setelah itu beraktivitas di gereja seperti rumah baca (hari selasa dan rabu)
Jayawijaya,Anak,Laki laki,Masyarakat,Apa yang berubah dalam beberapa bulan terakhir?,"Di gereja biasa aktif dan sudah ada jadwalnya tapi kalau ada masalah jadi tidak aktif (contoh masalah : duka, masalah dalam keluarga)"
Jayawijaya,Anak,Laki laki,Masyarakat,Apa yang berubah dalam beberapa bulan terakhir?,Akses keluar komplek rumah dulu tidak bagus tapi sekarang sudah berubah (jalan sudah baik) sehingga aksesnya semakin baik
Jayawijaya,Anak,Laki laki,Masyarakat,Apa yang berubah dalam beberapa bulan terakhir?,Dulu sebelum bergabung jadi Guru sekolah minggu saya takut bicara karena takut salah tapi semenjak gabung saya sudah mulai berani dan bisa mengambil bagian
Jayawijaya,Anak,Laki laki,Masyarakat,Apa yang berubah dalam beberapa bulan terakhir?,"Dulu takut bicara di depan umum tapi setelah mulai gabung di gereja dan mulai terlibat dalam komunitas saya mulai belajar berbaur, tidak takut bicara lagi, dan berani tampil"
Jayawijaya,Anak,Laki laki,Masyarakat,Apa yang berubah dalam beberapa bulan terakhir?,Tahun-tahun sebelumnya saya selalu bergaul sembarang dan bisa bergaul tanpa melihat sisi baik buruknya tapi semenjak masuk SMA saya mulai menyadari kalau saya harus memilih siapa teman yang baik.
Jayawijaya,Anak,Laki laki,Masyarakat,Apa yang berubah dalam beberapa bulan terakhir?,"Di lingkungan sekolah teman-teman saya malas tau dengan pelajaran, jadi ada teman yang kadang ajak saya bolos tapi saya menyadari saya punya masa depan jadi saya harus berani menolak"
Jayawijaya,Anak,Laki laki,Masyarakat,Apa yang akan terjadi di lingkunganmu kedepan dalam waktu dekat?,Komunitas gereja saya dari kalangan anak yang punya arah dan tujuan akan tetap bertahan tetapi anak-anak yang tidak memahami arah dan tujuan mereka tidak akan bertahan
Jayawijaya,Anak,Laki laki,Masyarakat,Apa yang akan terjadi di lingkunganmu kedepan dalam waktu dekat?,Perubahan yang terjadi jika generasi yang ada mendidik generasi kecil / penerus dengan baik maka ke depan generasi itu akan membaik.
Jayawijaya,Anak,Laki laki,Masyarakat,Apa yang akan terjadi di lingkunganmu kedepan dalam waktu dekat?,Di sekolah teman-teman saya lebih suka hal menyenangkan sesaat tanpa memikirkan ke depan akan seperti apa sehingga ke depan tidak memiliki tujuan hidup
Jayawijaya,Anak,Laki laki,Masyarakat,Apa yang biasa bikin kamu rasa aman?,Selain dengan keluarga juga ketika dekat dengan Tuhan
Jayawijaya,Anak,Laki laki,Masyarakat,Apa yang biasa bikin kamu rasa aman?,Di gereja saya merasa aman kalau ada kakak-kakak di gereja yang bantu
Jayawijaya,Anak,Laki laki,Masyarakat,Apa yang biasa bikin kamu rasa aman?,Di gereja saya merasa aman ketika belajar Firman Tuhan dan bersama dengan generasi saya
Jayawijaya,Anak,Laki laki,Masyarakat,Apa yang biasa bikin kamu rasa aman?,Saya aman kalau saya punya masalah lalu masuk di dalam kamar dan berdoa dan tungggu bapak pulang dan bercerita
Jayawijaya,Anak,Laki laki,Masyarakat,Apa yang biasa bikin kamu rasa aman?,"Gereja, rumah dan sekolah karena di sekolah saya bisa fokus belajar, dirumah bisa kumpul dengan keluarga dan di gereja saya aman karena bisa melayani dan belajar"
Jayawijaya,Anak,Laki laki,Masyarakat,Apa yang biasa bikin kamu rasa aman?,Nyaman bersama keluarga dan doa
Jayawijaya,Anak,Laki laki,Masyarakat,Apa ketakutanmu?,"Orang tua sakit, saya harus jaga dan bantu apa yang diperlukan mereka"
Jayawijaya,Anak,Laki laki,Masyarakat,Apa ketakutanmu?,"Takut Tuhan membiarkan saya dalam arah dan tujuan , kedua orang tua tidak memberi dukungan dan nasihat saya. Saya biasa bangun hubungan dengan Tuhan dengan minta pengampunan dan dengar-dengar orang tua"
Jayawijaya,Anak,Laki laki,Masyarakat,Apa ketakutanmu?,Generasi yang ada kedepan akan bagaimana dengan jaman yang semakin canggih dan ketakutan saya juga tujuan hidup saya
Jayawijaya,Anak,Laki laki,Masyarakat,Apa ketakutanmu?,Saat saya 4 tahun saya punya mama meninggal sehingga saya ketakutan kehilangan papa.
Jayawijaya,Anak,Laki laki,Masyarakat,Apa ketakutanmu?,Ketakutan saya ketika ada perang suku yang datang dengan berbagai ancaman yang saya lakukan saya sampaikan ke keluarga bagaimana caranya kita bisa mengambil langkah dan mengamankan diri
Jayawijaya,Anak,Laki laki,Masyarakat,Apa harapanmu untuk komunitas di masa depan?,Saya ingin pemerintah lebih memperhatikan anak-anak yang ada seperti di gereja
Jayawijaya,Anak,Laki laki,Masyarakat,Apa harapanmu untuk komunitas di masa depan?,Kakak-kakak yang sudah belajar banyak hal bisa memberi contoh kepada adik-adik supaya ke depan bisa hidup lebih baik ke depan
Jayawijaya,Anak,Laki laki,Masyarakat,Apa harapanmu untuk komunitas di masa depan?,Di gereja saya semakin ramai lagi karena dulu gereja saya ramai tapi semenjak beberapa kakak-kakak saya sekolah dan kuliah diluar jadi sepi
Jayawijaya,Anak,Laki laki,Masyarakat,Apa harapanmu untuk komunitas di masa depan?,Banyak anak-anak aibon dan generasi di kompleks saya yang hidup dalam pergaulan negative dan itu pengaruh lingkungan dan perkembangan zaman sehingga saya berharap di kompleks saya anak-anak itu berubah jadi lebih baik.
Jayawijaya,Anak,Laki laki,Masyarakat,Apa harapanmu untuk komunitas di masa depan?,Harapan saya ke depan apa yang di ajarkan ke adik-adik bisa bertumbuh baik dan kelompok yang ada bisa jadi berkat untuk orang lain
Jayawijaya,Anak,Laki laki,Masyarakat,Bagaimana kamu sebagai anak muda bisa berkontribusi untuk mengubah situasi?,Terlibat di gereja jadi pengasuh dan pelayan
Jayawijaya,Anak,Laki laki,Masyarakat,Bagaimana kamu sebagai anak muda bisa berkontribusi untuk mengubah situasi?,Sebagai pemuda yang berkarakter bisa memberi citra baru harus memberi contoh yang baik bagi adik-adik
Jayawijaya,Anak,Laki laki,Masyarakat,Bagaimana kamu sebagai anak muda bisa berkontribusi untuk mengubah situasi?,"Sebagai pemuda berkontribusi di sekolah bagi teman-teman dengan menegur jika ada yang salah seperti menegur saat mengambil barang orang lain, menyontek"
Jayawijaya,Anak,Laki laki,Masyarakat,Bagaimana kamu sebagai anak muda bisa berkontribusi untuk mengubah situasi?,Sebagai pemuda memberi contoh yang baik bagi orang-orang yang ada disekitar dan adik-adik sehingga mereka bisa belajar kepada kita
Jayawijaya,Anak,Laki laki,Masyarakat,Bagaimana kamu sebagai anak muda bisa berkontribusi untuk mengubah situasi?,Tidak memberikan contoh yang tidak baik agar orang lain tidak mengikuti terutama adik-adik dan mengedukasi adik-adik untuk melakukan hal psoitif seperti ibadah
Jayawijaya,Anak,Laki laki,Masyarakat,Bagaimana kamu sebagai anak muda bisa berkontribusi untuk mengubah situasi?,"Harus jadi contoh dan teladan untuk adik-adik yang dibawah (di gereja harus berfikir bagaimana supaya bisa ramai contoh buat diskusi, kegiatan main bola dll)"
Jayawijaya,Dewasa,Perempuan,Masyarakat,Apa saja kebutuhan utama saat ini dan yang akan datang di komunitas Anda?,anak-anak harus sekolah dari tingkat SD sampai perguruan tinggi
Jayawijaya,Dewasa,Perempuan,Masyarakat,Apa saja kebutuhan utama saat ini dan yang akan datang di komunitas Anda?,"kurang mementingkan kesehatan anak-anak misalnya pas hamil tidak periksa sehingga biasa ada kelainan, tidak ada imunisasi. Untuk remaja khusunya perempuan juga perlu ada imunisasi HPV"
Jayawijaya,Dewasa,Perempuan,Masyarakat,Apa saja kebutuhan utama saat ini dan yang akan datang di komunitas Anda?,pas masuk RS susah untuk bagian admin karena tidak mau mengurusnya padahal itu penting
Jayawijaya,Dewasa,Perempuan,Masyarakat,Apa saja kebutuhan utama saat ini dan yang akan datang di komunitas Anda?,situasi saat ini banyak kekacauan karena kurang Pendidikan karakter. Saat ini anak-anak terlalu bebas sehingga orang tua perlu adanya pembinaan (polah asu) untuk mendidik anak-anak
Jayawijaya,Dewasa,Perempuan,Masyarakat,Apa saja kebutuhan utama saat ini dan yang akan datang di komunitas Anda?,keluarga susah mengelolah aktivitas terutama Pendidikan sehingga anak dan kesehatan tidak jadi focus
Jayawijaya,Dewasa,Perempuan,Masyarakat,Apa saja kebutuhan utama saat ini dan yang akan datang di komunitas Anda?,"peran keluarga (orang tua, ayah ibu)"
Jayawijaya,Dewasa,Perempuan,Masyarakat,Siapa yang akan Anda minta bantuan untuk mengatasi kebutuhan-kebutuhan ini?,Dinas Pendidikan
Jayawijaya,Dewasa,Perempuan,Masyarakat,Siapa yang akan Anda minta bantuan untuk mengatasi kebutuhan-kebutuhan ini?,LSM
Jayawijaya,Dewasa,Perempuan,Masyarakat,Siapa yang akan Anda minta bantuan untuk mengatasi kebutuhan-kebutuhan ini?,Gereja : untuk pembentukan karakter
Jayawijaya,Dewasa,Perempuan,Masyarakat,Siapa yang akan Anda minta bantuan untuk mengatasi kebutuhan-kebutuhan ini?,Orang tua
Jayawijaya,Dewasa,Perempuan,Masyarakat,Siapa yang akan Anda minta bantuan untuk mengatasi kebutuhan-kebutuhan ini?,Guru-guru di sekolah
Jayawijaya,Dewasa,Perempuan,Masyarakat,Siapa yang akan Anda minta bantuan untuk mengatasi kebutuhan-kebutuhan ini?,Wahana Visi Indonesia
Jayawijaya,Dewasa,Perempuan,Masyarakat,Siapa yang akan Anda minta bantuan untuk mengatasi kebutuhan-kebutuhan ini?,Tenaga kesehatan
Jayawijaya,Dewasa,Perempuan,Masyarakat,Siapa yang akan Anda minta bantuan untuk mengatasi kebutuhan-kebutuhan ini?,Komunitas /lingkungan
Jayawijaya,Dewasa,Perempuan,Masyarakat,Siapa yang akan Anda minta bantuan untuk mengatasi kebutuhan-kebutuhan ini?,"Pemerintah : Dinas social, UMKM, Koperasi"
Jayawijaya,Dewasa,Perempuan,Masyarakat,Siapa yang akan Anda minta bantuan untuk mengatasi kebutuhan-kebutuhan ini?,"Gereja : GSM, Pendeta, majelis,"
Jayawijaya,Dewasa,Perempuan,Masyarakat,Apa saja ketegangan yang terjadi di komunitas Anda yang mempengaruhi keluarga Anda?,Mabok
Jayawijaya,Dewasa,Perempuan,Masyarakat,Apa saja ketegangan yang terjadi di komunitas Anda yang mempengaruhi keluarga Anda?,Judol
Jayawijaya,Dewasa,Perempuan,Masyarakat,Apa saja ketegangan yang terjadi di komunitas Anda yang mempengaruhi keluarga Anda?,Tanaman ganja
Jayawijaya,Dewasa,Perempuan,Masyarakat,Apa saja ketegangan yang terjadi di komunitas Anda yang mempengaruhi keluarga Anda?,Aibon
Jayawijaya,Dewasa,Perempuan,Masyarakat,Apa saja ketegangan yang terjadi di komunitas Anda yang mempengaruhi keluarga Anda?,Pencurian
Jayawijaya,Dewasa,Perempuan,Masyarakat,Apa saja ketegangan yang terjadi di komunitas Anda yang mempengaruhi keluarga Anda?,Begal
Jayawijaya,Dewasa,Perempuan,Masyarakat,Apa saja ketegangan yang terjadi di komunitas Anda yang mempengaruhi keluarga Anda?,Pembunuhan
Jayawijaya,Dewasa,Perempuan,Masyarakat,Apa saja ketegangan yang terjadi di komunitas Anda yang mempengaruhi keluarga Anda?,Masalah perempuan
Jayawijaya,Dewasa,Perempuan,Masyarakat,Bagaimana ketegangan-ketegangan tersebut muncul di komunitas Anda?,"Kecanduan miras sehingga melakukan aksi begal, pencurian"
Jayawijaya,Dewasa,Perempuan,Masyarakat,Bagaimana ketegangan-ketegangan tersebut muncul di komunitas Anda?,"Pencurian karena ekonomi susah, tidak ada pekerjaan"
Jayawijaya,Dewasa,Perempuan,Masyarakat,Bagaimana ketegangan-ketegangan tersebut muncul di komunitas Anda?,Dari kecil tidak di didik secara rohani (tidak di didik dirumah) sehingga saat keluar gampang terpengaruh dan membawanya pulang
Jayawijaya,Dewasa,Perempuan,Masyarakat,Bagaimana ketegangan-ketegangan tersebut muncul di komunitas Anda?,Kurangnya lapangan pekerjaan
Jayawijaya,Dewasa,Perempuan,Masyarakat,Bagaimana ketegangan-ketegangan tersebut muncul di komunitas Anda?,Suami tidak beri nafkah buat istrinya sehingga terjadi perselingkuhan sehingga terjadi perceraian/pembunuhan
Jayawijaya,Dewasa,Perempuan,Masyarakat,Mengapa ketegangan ini terjadi?,"Pembunuhan yang bisa menyebabkan Perang suku yang suka terjadi karena adanya konflik seperti perselingkuhan, mabok"
Jayawijaya,Dewasa,Perempuan,Masyarakat,Mengapa ketegangan ini terjadi?,"Beda pendapat, tata ibadah bisa menyebabkan konflik di dalam 1 organisasi"
Jayawijaya,Dewasa,Perempuan,Masyarakat,Mengapa ketegangan ini terjadi?,Pemerintahan (demo) karena hak yang tidak di berikan
Jayawijaya,Dewasa,Perempuan,Masyarakat,Mengapa ketegangan ini terjadi?,"Palang jalan karena banjir, ada hewan yang kena tabrak, bahkan kecelakaan manusia, dana desa tidak cair, beras belum di bagi, penerimaan pegawai"
Jayawijaya,Dewasa,Perempuan,Masyarakat,Bagaimana ketegangan ini berubah dalam beberapa bulan terakhir?,Harus di tangani oleh kepala suku untuk kedua belah pihak jika tidak ada solusi baru di naikkan ke pemerintah
Jayawijaya,Dewasa,Perempuan,Masyarakat,Bagaimana ketegangan ini berubah dalam beberapa bulan terakhir?,Situasi akhir-akhir ini makin memburuk misalnya soal denda jika tidak di bayar lunas maka konflik masih akan terus ada
Jayawijaya,Dewasa,Perempuan,Masyarakat,Bagaimana ketegangan ini berubah dalam beberapa bulan terakhir?,Penerimaan pegawai tergantung penanganan dari pemerintah karena sudah kebiasaan jadi di biarkan terus maka tidak aka nada perubahan
Jayawijaya,Dewasa,Perempuan,Masyarakat,Siapa saja kelompok rentan di komunitas Anda? Bagaimana peningkatan ketegangan akan berdampak pada kelompok-kelompok ini (terutama anak-anak dan remaja)?,Masyarakat kecil di daerah terpencil misalnya Tolikara yang mau mengakses ke kota mendapatkan bahan makanan
Jayawijaya,Dewasa,Perempuan,Masyarakat,Siapa saja kelompok rentan di komunitas Anda? Bagaimana peningkatan ketegangan akan berdampak pada kelompok-kelompok ini (terutama anak-anak dan remaja)?,"Anak-anak : sering libur kalau ada isu-isu, anak-anak disekitar wilayah konflik trauma kalau ada perang karena melihat langsung bahkan dilibatkan dalam perang (usia 10 tahun ke atas sudah diajak ikut perang dan pegang sajam), anak juga jadi korban konflik"
Jayawijaya,Dewasa,Perempuan,Masyarakat,Siapa saja kelompok rentan di komunitas Anda? Bagaimana peningkatan ketegangan akan berdampak pada kelompok-kelompok ini (terutama anak-anak dan remaja)?,"Pekerjaan (ASN, Penjual) kadang libur karena kena palang"
Jayawijaya,Dewasa,Perempuan,Masyarakat,Siapa saja kelompok rentan di komunitas Anda? Bagaimana peningkatan ketegangan akan berdampak pada kelompok-kelompok ini (terutama anak-anak dan remaja)?,Dorongan dendam sehingga sering menunjukkan kalau saya bisa
Jayawijaya,Dewasa,Perempuan,Masyarakat,Siapa saja kelompok rentan di komunitas Anda? Bagaimana peningkatan ketegangan akan berdampak pada kelompok-kelompok ini (terutama anak-anak dan remaja)?,Pemikiran anak-anak hanya soal perang sehingga tidak ada lagi niat bersekolah dengan baik (anak-anak ada yang ketagihan sampai merasa perang itu seperti main bola) dan juga di turunkan dari mama-mama lewat cerita
Jayawijaya,Dewasa,Perempuan,Masyarakat,Siapa saja kelompok rentan di komunitas Anda? Bagaimana peningkatan ketegangan akan berdampak pada kelompok-kelompok ini (terutama anak-anak dan remaja)?,Anak-anak kehilangan orang tua dan tempat karena adanya perang
Jayawijaya,Dewasa,Perempuan,Masyarakat,Apa yang menyatukan atau memecah belah masyarakat di negara ini?,Perdamaian antar dua belah pihak jika ada persoalan dan memperbaiki hubungan yang ada
Jayawijaya,Dewasa,Perempuan,Masyarakat,Apa yang menyatukan atau memecah belah masyarakat di negara ini?,"Organisasi yang bisa menyatukan misalnya gereja, masjid, tempat beribadah dan pimpinan"
Jayawijaya,Dewasa,Perempuan,Masyarakat,Apa yang menyatukan atau memecah belah masyarakat di negara ini?,"Pemerintah menyatukan dalam hal mengambil keputusan yang adil, mendengar aspirasi"
Jayawijaya,Dewasa,Perempuan,Masyarakat,Apa yang menyatukan atau memecah belah masyarakat di negara ini?,Kesalahpahaman
Jayawijaya,Dewasa,Perempuan,Masyarakat,Apa yang menyatukan atau memecah belah masyarakat di negara ini?,Politik ketika pilkada
Jayawijaya,Dewasa,Perempuan,Masyarakat,Apa yang menyatukan atau memecah belah masyarakat di negara ini?,Pemerintah yang otoriter memecah
Jayawijaya,Dewasa,Perempuan,Masyarakat,Apa yang menyatukan atau memecah belah masyarakat di negara ini?,"Pemerintah yang tidak mendengar aspirasi, tidak menjalankan pemerintahan sesuai undang-undang"
Jayawijaya,Dewasa,Perempuan,Masyarakat,Apa yang menyatukan atau memecah belah masyarakat di wilayah ini?,"Hamba Tuhan yang selalu jadi penengah, merangkul, mendamaikan"
Jayawijaya,Dewasa,Perempuan,Masyarakat,Apa yang menyatukan atau memecah belah masyarakat di wilayah ini?,Pemerintah desa ketika mengambil keputusan dalam hal mendamaikan
Jayawijaya,Dewasa,Perempuan,Masyarakat,Apa yang menyatukan atau memecah belah masyarakat di wilayah ini?,"Kepala keluarga dan anggota Keluarga saling berdiskusi dan menjadi penengahh, tidak egois, pengambil keputusan"
Jayawijaya,Dewasa,Perempuan,Masyarakat,Apa yang menyatukan atau memecah belah masyarakat di wilayah ini?,Kesalahpahaman/perbedaan pendapat dalam hal berkomunikasi
Jayawijaya,Dewasa,Perempuan,Masyarakat,Apa yang menyatukan atau memecah belah masyarakat di wilayah ini?,Beda pilihan politik
Jayawijaya,Dewasa,Perempuan,Masyarakat,Apa yang menyatukan atau memecah belah masyarakat di wilayah ini?,Ego dan iri hatinyang tidak mau mendengar orang lain karena merasa dia yang benar
Jayawijaya,Dewasa,Perempuan,Masyarakat,Apa yang menyatukan atau memecah belah masyarakat di wilayah ini?,Tidak mematuhi aturan yang ada/tidak saling menghargai
Jayawijaya,Dewasa,Perempuan,Masyarakat,"Di daerah-daerah yang mengalami ketegangan yang meningkat, apa saja contoh kelompok dan/atau kegiatan yang bertujuan untuk mengurangi ketegangan dan mempromosikan perdamaian?",Kegiatan baksos bisa jadi salah satu hal yang mempersatukan
Jayawijaya,Dewasa,Perempuan,Masyarakat,"Di daerah-daerah yang mengalami ketegangan yang meningkat, apa saja contoh kelompok dan/atau kegiatan yang bertujuan untuk mengurangi ketegangan dan mempromosikan perdamaian?",Lomba olahrga yang bisa mengumpulkan orang lain
Jayawijaya,Dewasa,Perempuan,Masyarakat,"Di daerah-daerah yang mengalami ketegangan yang meningkat, apa saja contoh kelompok dan/atau kegiatan yang bertujuan untuk mengurangi ketegangan dan mempromosikan perdamaian?",Budaya bakar batu
Jayawijaya,Dewasa,Perempuan,Masyarakat,"Di daerah-daerah yang mengalami ketegangan yang meningkat, apa saja contoh kelompok dan/atau kegiatan yang bertujuan untuk mengurangi ketegangan dan mempromosikan perdamaian?",Kegian di gereja
Jayawijaya,Dewasa,Perempuan,Masyarakat,"Di daerah-daerah yang mengalami ketegangan yang meningkat, apa saja contoh kelompok dan/atau kegiatan yang bertujuan untuk mengurangi ketegangan dan mempromosikan perdamaian?","Took adat, agama, pemintah,"
Jayawijaya,Dewasa,Perempuan,Masyarakat,"Di daerah-daerah yang mengalami ketegangan yang meningkat, apa saja contoh kelompok dan/atau kegiatan yang bertujuan untuk mengurangi ketegangan dan mempromosikan perdamaian?",Kelompk pemuda yang diluar rdari gerja
Jayawijaya,Dewasa,Perempuan,Masyarakat,"Di daerah-daerah yang mengalami ketegangan yang meningkat, apa saja contoh kelompok dan/atau kegiatan yang bertujuan untuk mengurangi ketegangan dan mempromosikan perdamaian?",Punya hati yang besar
Jayawijaya,Dewasa,Perempuan,Masyarakat,Siapa saja tokoh yang paling berpengaruh di wilayah ini?,"Kepala suku, kepala desa, kepala distrik"
Jayawijaya,Dewasa,Perempuan,Masyarakat,Siapa saja tokoh yang paling berpengaruh di wilayah ini?,Took-toko agama
Jayawijaya,Dewasa,Perempuan,Masyarakat,Apa yang menurut Anda mungkin terjadi dalam 6 bulan ke depan terkait dengan situasi politik,Pembangunan jalan
Jayawijaya,Dewasa,Perempuan,Masyarakat,Apa yang menurut Anda mungkin terjadi dalam 6 bulan ke depan terkait dengan situasi ekonomi,Bantuan bama
Jayawijaya,Dewasa,Perempuan,Masyarakat,Apa yang menurut Anda mungkin terjadi dalam 6 bulan ke depan terkait dengan situasi ekonomi,Penenaman modal
Jayawijaya,Dewasa,Perempuan,Masyarakat,Apa yang menurut Anda mungkin terjadi dalam 6 bulan ke depan terkait dengan situasi ekonomi,"Bantuan usaha : modal, ternak, bibit"
Jayawijaya,Dewasa,Perempuan,Masyarakat,Apa yang menurut Anda mungkin terjadi dalam 6 bulan ke depan terkait dengan situasi sosial,Manusia mementingkan diri sendiri
Jayawijaya,Dewasa,Perempuan,Masyarakat,Apa yang menurut Anda mungkin terjadi dalam 6 bulan ke depan terkait dengan situasi sosial,"Manusia akan lebih baik lagi dalam hal pembangunan, saling menghargai"
Jayawijaya,Dewasa,Perempuan,Masyarakat,Apa yang menurut Anda mungkin terjadi dalam 6 bulan ke depan terkait dengan situasi sosial,Rumah sosial
Jayawijaya,Dewasa,Perempuan,Masyarakat,Apa yang perlu dilakukan untuk mengatasi dampak merugikan yang mungkin timbul dari skenario-skenario tersebut? Dan oleh siapa?,Berdoa
Jayawijaya,Dewasa,Perempuan,Masyarakat,Apa yang perlu dilakukan untuk mengatasi dampak merugikan yang mungkin timbul dari skenario-skenario tersebut? Dan oleh siapa?,Menjaga keamanan bersama (Membuat pos kamling yang dijaga bapak-bapak dan pemuda)
Jayawijaya,Dewasa,Perempuan,Masyarakat,Apa yang perlu dilakukan untuk mengatasi dampak merugikan yang mungkin timbul dari skenario-skenario tersebut? Dan oleh siapa?,Menjaga komunikasi yang baik
Jayawijaya,Dewasa,Perempuan,Masyarakat,Apa yang perlu dilakukan untuk mengatasi dampak merugikan yang mungkin timbul dari skenario-skenario tersebut? Dan oleh siapa?,Melakukan sosialisasi hal-hal yang baik dari gereja
Jayawijaya,Dewasa,Perempuan,Masyarakat,Apa yang perlu dilakukan untuk mengatasi dampak merugikan yang mungkin timbul dari skenario-skenario tersebut? Dan oleh siapa?,Saling menghargai
Jayawijaya,Dewasa,Perempuan,Masyarakat,Apa yang perlu dilakukan untuk mengatasi dampak merugikan yang mungkin timbul dari skenario-skenario tersebut? Dan oleh siapa?,Tidak menyebarkan isu-isu yang sedang berkembang
Jayawijaya,Dewasa,Perempuan,Masyarakat,Apa yang perlu dilakukan untuk mengatasi dampak merugikan yang mungkin timbul dari skenario-skenario tersebut? Dan oleh siapa?,Menyuarakan supaya pemimpin bisa menyelesaikan masalah-masalah yang ada
Jayawijaya,Dewasa,Perempuan,Masyarakat,Apa yang perlu dilakukan untuk mengatasi dampak merugikan yang mungkin timbul dari skenario-skenario tersebut? Dan oleh siapa?,Menyampaikan inspirasi yang baik lebih media social
Jayawijaya,Dewasa,Perempuan,Masyarakat,Apa yang perlu dilakukan untuk mengatasi dampak merugikan yang mungkin timbul dari skenario-skenario tersebut? Dan oleh siapa?,"Berkebun, bekerja untuk memenuhi kebutuhan"
Jayawijaya,Dewasa,Perempuan,Masyarakat,Apa yang perlu dilakukan untuk mengatasi dampak merugikan yang mungkin timbul dari skenario-skenario tersebut? Dan oleh siapa?,Pemerintah kampung (kepala suku) berperan dalam menyuarakan mengelolah kebun
Jayawijaya,Dewasa,Perempuan,Masyarakat,Apa yang perlu dilakukan untuk mengatasi dampak merugikan yang mungkin timbul dari skenario-skenario tersebut? Dan oleh siapa?,Membangun pendekatan dengan pemerintah kampung / kepala suku untuk memberi izin agar bisa mengelolah lahan kosong untuk berkebun
"Asmat, Papua Selatan",Anak,Laki laki,Masyarakat,Bisakah Anda menggambarkan seperti apa kehidupan sehari-harimu?,"Pagi pergi sekolah, pulang sekolah ganti baju, mandi, di rumah belajar (kali, bagi, kurang, tambah, Bahasa Indonesia)."
"Asmat, Papua Selatan",Anak,Laki laki,Masyarakat,Bisakah Anda menggambarkan seperti apa kehidupan sehari-harimu?,"bangun pagi, sarapan, jalan ke sekolah, ganti baju, mandi, main, makan, malam main lagi"
"Asmat, Papua Selatan",Anak,Laki laki,Masyarakat,Bisakah Anda menggambarkan seperti apa kehidupan sehari-harimu?,"bangun pagi bantu orang tua (belah kayu bakar, cuci piring), tidur siang, kalau ada kerja maka kerja siram tanaman, tidur malam"
"Asmat, Papua Selatan",Anak,Laki laki,Masyarakat,Bisakah Anda menggambarkan seperti apa kehidupan sehari-harimu?,"bangun pagi, sarapan, biasa kerja bantu orang tua belah kayu bakar, cari makan di kali, siram-siram tanaman, tidur siang, habis makan tidur"
"Asmat, Papua Selatan",Anak,Laki laki,Masyarakat,Bisakah Anda menggambarkan seperti apa kehidupan sehari-harimu?,"bangun pagi, sarapan sedikit, pakai pakaian sekolah, berangkat sekolah, belajar sedikit, pulang sekolah, taruh pakaian, bermain, pulang, tidur siang, bermain sedikit, makan, tidur"
"Asmat, Papua Selatan",Anak,Laki laki,Masyarakat,Bisakah Anda menggambarkan seperti apa kehidupan sehari-harimu?,"bangun pagi, sarapan, keluar kerja jika ada, tidur, bantu mama keluar cari ikan/sagu"
"Asmat, Papua Selatan",Anak,Laki laki,Masyarakat,Bisakah Anda menggambarkan seperti apa kehidupan sehari-harimu?,"bangun pagi, sarapan bersihkan rumah, belah kayu/babat rumput, mandi, tidur siang"
"Asmat, Papua Selatan",Anak,Laki laki,Masyarakat,Bisakah Anda menggambarkan seperti apa kehidupan sehari-harimu?,"bangun pagi, sarapan, bantu orang tua, main hp, tidur"
"Asmat, Papua Selatan",Anak,Laki laki,Masyarakat,Bisakah Anda menggambarkan seperti apa kehidupan sehari-harimu?,"bangun, sarapan, bantu cuci piring, belah kayu bakar, tidur siang, siram-siram kebun"
"Asmat, Papua Selatan",Anak,Laki laki,Masyarakat,Bisakah Anda menggambarkan seperti apa kehidupan sehari-harimu?,"bangun pagi, berangkat kerja, pulang pasang jaring, makan, jalan-jalan di kampung, tidur"
"Asmat, Papua Selatan",Anak,Laki laki,Masyarakat,Bisakah Anda menggambarkan seperti apa kehidupan sehari-harimu?,"bangun, makan, bantu orang tua belah kayu bakar"
"Asmat, Papua Selatan",Anak,Laki laki,Masyarakat,Bisakah Anda menggambarkan seperti apa kehidupan sehari-harimu?,"bangun, sarapan/kalau tidak ada sarapan maka minum kopi saja, jalan-jalan siang-sore, kerja, tidur"
"Asmat, Papua Selatan",Anak,Laki laki,Masyarakat,Bisakah Anda menggambarkan seperti apa kehidupan sehari-harimu?,"Pagi sarapan sedikit, pergi kerja (pangkur sagu, jaring cari ikan), pulang kasih hasil mencari untuk bapa mama, jalan-jalan di kampung, tidur"
"Asmat, Papua Selatan",Anak,Laki laki,Masyarakat,Apa yang telah berubah dalam beberapa bulan terakhir? Bagaimana menurut Anda hal itu telah mempengaruhi Anda dan komunitas?,"di tahun lalu, saya menjaga bapa di rumah sakit. Kalau tidak ada gula dan kopi, maka saya cari kerja untuk dapat hasil. Tiap pagi tanpa makan berangkat kerja juga saya bisa."
"Asmat, Papua Selatan",Anak,Laki laki,Masyarakat,Apa yang telah berubah dalam beberapa bulan terakhir? Bagaimana menurut Anda hal itu telah mempengaruhi Anda dan komunitas?,Sebelum ada kebun tidak menyiram tanaman tapi sekarang ada kebun jadi bantu siram dan panen.
"Asmat, Papua Selatan",Anak,Laki laki,Masyarakat,Apa yang telah berubah dalam beberapa bulan terakhir? Bagaimana menurut Anda hal itu telah mempengaruhi Anda dan komunitas?,tidak ada yang berubah.
"Asmat, Papua Selatan",Anak,Laki laki,Masyarakat,Apa yang menurutmu akan terjadi di komunitasmu dalam waktu dekat?,"Adanya beberapa bantuan yang akan datang di Feb-Maret, misalnya bansos, DD, dll sehingga akan ada pembelian-pembelian untuk kebutuhan, termasuk untuk berbagi dengan keluarga yang tidak mendapat bantuan sehingga uang akan cepat habis."
"Asmat, Papua Selatan",Anak,Laki laki,Masyarakat,Apa yang menurutmu akan terjadi di komunitasmu dalam waktu dekat?,Orang Asmat itu tidak bisa tahan uang karena akan dibagi untuk keluarganya.
"Asmat, Papua Selatan",Anak,Laki laki,Masyarakat,Apa yang menurutmu akan terjadi di komunitasmu dalam waktu dekat?,"Yang bisa dilakukan agar uang digunakan adalah langsung membeli untuk bahan makanan (beras), dan bensin untuk mencari (mencari=bekerja)."
"Asmat, Papua Selatan",Anak,Laki laki,Masyarakat,Apa yang membuatmu merasa aman?,Langsung pulang ke rumah atau langsung lapor ke mama jika ada yang kumpul-kumpul miras (biasanya kakak-kakak pemuda).
"Asmat, Papua Selatan",Anak,Laki laki,Masyarakat,Apa yang membuatmu merasa aman?,Mengecek kembali peralatan sebelum digunakan untuk bekerja karena takut juga kalau sengsor/gergaji mesin untuk belah kayu itu rusak dan bisa melukai bagian tubuh.
"Asmat, Papua Selatan",Anak,Laki laki,Masyarakat,"Apa ketakutanmu? Bagaimana kamu mengatasi situasi tersebut (misalnya, kepada siapa kamu pergi, apa yang kamu lakukan)?",Ketakutan dipukul atau kekerasan karena ada yang miras atau ada yang pegang parang saat marah.
"Asmat, Papua Selatan",Anak,Laki laki,Masyarakat,"Apa ketakutanmu? Bagaimana kamu mengatasi situasi tersebut (misalnya, kepada siapa kamu pergi, apa yang kamu lakukan)?","Saat tebang kayu ada ketakutan kecelakaan kerja, misalnya rantai sengsor kayu lepas saat mesin masih hidup, businya rusak takut kesetrum. Mitigasi: cek kembali sebelum dipakai."
"Asmat, Papua Selatan",Anak,Laki laki,Masyarakat,Apa harapanmu untuk komunitasmu (kampung) di masa depan?,"Harapan dengan adanya pembersihan kampung/swadaya/gotong royong yang masyarakat lakukan, orang-orang dinas dapat dapat ke kampung dan cek agar setiap kampung (Warse, Birak, Akamar) bisa mendapat nama yang baik (maksudnya: diketahui bahwa di kampung masyarakat melakukan pekerjaan)."
"Asmat, Papua Selatan",Anak,Laki laki,Masyarakat,Apa harapanmu untuk komunitasmu (kampung) di masa depan?,Untuk yang sudah lulus SMA dan punya ijazah harapannya untuk bisa dapat lowongan kerja di WVI (mencari kerja di kampung sulit).
"Asmat, Papua Selatan",Anak,Laki laki,Masyarakat,Bagaimana menurut kamu pemuda dapat berkontribusi dalam mengubah situasi?,Mau berkontribusi di rumah baca untuk ajar adik-adik
"Asmat, Papua Selatan",Anak,Perempuan,Masyarakat,Bisakah Anda menggambarkan seperti apa kehidupan sehari-harimu?,"Bangun pagi hari langsung timba ait untuk masak dan labjut masak, lalu membersihkan rumah, sarapan, pergi cari makan (ke hutan atau kali) pulang sore lanjutkan bereskan rumah , setelah semua selesai mandi, makan, duduk bersantai lanjut tidur istirahat"
"Asmat, Papua Selatan",Anak,Perempuan,Masyarakat,Bisakah Anda menggambarkan seperti apa kehidupan sehari-harimu?,"Bangun pagi, bereskan rumah, sarapan, siram dan potong rumput di kebun apung, jaga adik kecil, bantu orang tua untuk pangkur sagu, man, makan malam, duduk santai, lanjut tidur dan beristirahat"
"Asmat, Papua Selatan",Anak,Perempuan,Masyarakat,Bisakah Anda menggambarkan seperti apa kehidupan sehari-harimu?,"Bangun langsung brsihkan rumah , sarapan , ngopi, istirahat siang, mandi, jalan keliling kampung, pulang , mandi, makan, istirahat"
"Asmat, Papua Selatan",Anak,Perempuan,Masyarakat,Apa yang telah berubah dalam beberapa bulan terakhir? Bagaimana menurut Anda hal itu telah mempengaruhi Anda dan komunitas?,Kegiatan mencari karaka dari bulan lalu dan mendapatkan hasil 30-55 ribu perharinya
"Asmat, Papua Selatan",Anak,Perempuan,Masyarakat,Apa yang telah berubah dalam beberapa bulan terakhir? Bagaimana menurut Anda hal itu telah mempengaruhi Anda dan komunitas?,Dari hasil kebun apung yang dibuat WVI menghasilkan dan dapat digunakan di rumah juga dijual di agats dengan harga 10rb/ikat
"Asmat, Papua Selatan",Anak,Perempuan,Masyarakat,Apa yang telah berubah dalam beberapa bulan terakhir? Bagaimana menurut Anda hal itu telah mempengaruhi Anda dan komunitas?,Dari hasil penjualan membantu perekonomian yang dapat digunakan dalam keperluan sehari-hari
"Asmat, Papua Selatan",Anak,Perempuan,Masyarakat,Apa yang menurutmu akan terjadi di komunitasmu dalam waktu dekat?,"Ada pencairan BLT di kantor POS dan bisa membeli pakaian , kebutuhan rumah juga kebutuhan pribadi"
"Asmat, Papua Selatan",Anak,Perempuan,Masyarakat,Apa yang menurutmu akan terjadi di komunitasmu dalam waktu dekat?,Biasanya orangtua setelah mendapatkan BLT kasih sedikit ke anak-anak dan dapat dipergunakan untuk membeli keperluan pribadi
"Asmat, Papua Selatan",Anak,Perempuan,Masyarakat,Apa yang membuatmu merasa aman?,Merasa aman karena adanya orangdewasa di sekitaran
"Asmat, Papua Selatan",Anak,Perempuan,Masyarakat,"Apa ketakutanmu? Bagaimana kamu mengatasi situasi tersebut (misalnya, kepada siapa kamu pergi, apa yang kamu lakukan)?",Ketakutan dipukul atau kekerasan karena ada yang miras atau ada yang pegang parang saat marah.
"Asmat, Papua Selatan",Anak,Perempuan,Masyarakat,"Apa ketakutanmu? Bagaimana kamu mengatasi situasi tersebut (misalnya, kepada siapa kamu pergi, apa yang kamu lakukan)?","Hujan deras, angin kencang, karena bisa membuat pohon jatuh dan kayu berterbangan"
"Asmat, Papua Selatan",Anak,Perempuan,Masyarakat,"Apa ketakutanmu? Bagaimana kamu mengatasi situasi tersebut (misalnya, kepada siapa kamu pergi, apa yang kamu lakukan)?","Takut remaja putra mabuk karena sering marah dan pukul , dan ada pernah saling serang antar kampung karena mengganggu saudara Perempuan"
"Asmat, Papua Selatan",Anak,Perempuan,Masyarakat,Apa harapanmu untuk komunitasmu (kampung) di masa depan?,Untuk bisa mempunyai kegiatan lebih bermanfaat contoh kegiatan Latihan lagu di gereja
"Asmat, Papua Selatan",Anak,Perempuan,Masyarakat,Apa harapanmu untuk komunitasmu (kampung) di masa depan?,Melakukan kegiatan lomba seikami atau missioner dari suster
"Asmat, Papua Selatan",Anak,Perempuan,Masyarakat,Bagaimana menurut kamu pemuda dapat berkontribusi dalam mengubah situasi?,"Mau berkontribusi di rumah baca untuk ajar adik-adik di rumah baca , juga ikut lomba Paduan suara gereja antar distrik , dan ikut ambil bagian dalam kegiatan pesta budaya"
"Asmat, Papua Selatan",Dewasa,Laki laki,Masyarakat,Apa saja kebutuhan utama saat ini dan yang akan datang di komunitas Anda?,"Penampungan air hujan/blong umum di setiap kampung, per kampung ada 4 blong."
"Asmat, Papua Selatan",Dewasa,Laki laki,Masyarakat,Apa saja kebutuhan utama saat ini dan yang akan datang di komunitas Anda?,"Perbaikan jalan di teras aula karena sering ada kegiatan masyarakat di sana, termasuk kegiatan pemberian makan anak di sekolah"
"Asmat, Papua Selatan",Dewasa,Laki laki,Masyarakat,Apa saja kebutuhan utama saat ini dan yang akan datang di komunitas Anda?,Butuh speed bermesin/fiber
"Asmat, Papua Selatan",Dewasa,Laki laki,Masyarakat,Apa saja kebutuhan utama saat ini dan yang akan datang di komunitas Anda?,Perbaikan kamar mandi yang rusak di tiap rumah
"Asmat, Papua Selatan",Dewasa,Laki laki,Masyarakat,Apa saja kebutuhan utama saat ini dan yang akan datang di komunitas Anda?,Renovasi kebun apung yang sudah rusak
"Asmat, Papua Selatan",Dewasa,Laki laki,Masyarakat,Siapa yang akan Anda minta bantuan untuk mengatasi kebutuhan-kebutuhan ini?,WVI
"Asmat, Papua Selatan",Dewasa,Laki laki,Masyarakat,Siapa yang akan Anda minta bantuan untuk mengatasi kebutuhan-kebutuhan ini?,"Dewan-dewan daerah, bupati, wakil bupati. Namun mereka tidak dekat dengan masyarakat dan tidak mendengar suara masyarakat"
"Asmat, Papua Selatan",Dewasa,Laki laki,Masyarakat,Siapa yang akan Anda minta bantuan untuk mengatasi kebutuhan-kebutuhan ini?,"Masyarakat sendiri bisa bekerja namun perlu bantuan untuk bahan bakunya, misalnya paku, kayu, dll"
"Asmat, Papua Selatan",Dewasa,Laki laki,Masyarakat,Siapa yang akan Anda minta bantuan untuk mengatasi kebutuhan-kebutuhan ini?,"WVI dukung masyarakat dengan mengajak masyarakat bertemu dengan dinas pertanian, perkebunan, dll"
"Asmat, Papua Selatan",Dewasa,Laki laki,Masyarakat,Apa saja ketegangan yang terjadi di komunitas Anda yang mempengaruhi keluarga Anda?,"Air di kampung Akamar yang untuk masyarakat umum/yang tidak punya blong air dipakai untuk kegiatan memasak bagi anak sekolah sehingga mereka tidak bisa ambil air sehingga ada pertentangan juga. Hasil diskusi: WVI tidak apa-apa berkegiatan di sana dan jika masyarakat sangat memerlukan air bisa hubungi staf dan datang. Namun dari dewan gereja menyampaikan bahwa WVI pakai saja, tidak perlu pusing dengan hal itu."
"Asmat, Papua Selatan",Dewasa,Laki laki,Masyarakat,Apa saja ketegangan yang terjadi di komunitas Anda yang mempengaruhi keluarga Anda?,Kebutuhan masyarakat yang sudah dimasukkan di Musrenbang tidak dijawab karena pengadaan yang dilakukan hanya untuk kepentingan orang penting/orang dekat/pendukung politik/keluarga pemimpin saja bukan untuk masyarakat kecil. Sehingga masyarakat sendiri yang harus cari jalan sendiri.
"Asmat, Papua Selatan",Dewasa,Laki laki,Masyarakat,Apa saja ketegangan yang terjadi di komunitas Anda yang mempengaruhi keluarga Anda?,Pengadaan dari pemerintah kampung:
"Asmat, Papua Selatan",Dewasa,Laki laki,Masyarakat,Apa saja ketegangan yang terjadi di komunitas Anda yang mempengaruhi keluarga Anda?,Kampung Birak & Akamar: ada pengadaan barang namun langsung diberikan ke proyek/kontraktor/untuk keluarga pemimpin saja.
"Asmat, Papua Selatan",Dewasa,Laki laki,Masyarakat,Apa saja ketegangan yang terjadi di komunitas Anda yang mempengaruhi keluarga Anda?,Kampung Warse: pengadaan hanya diberikan untuk orang tertentu saja.
"Asmat, Papua Selatan",Dewasa,Laki laki,Masyarakat,Apa saja ketegangan yang terjadi di komunitas Anda yang mempengaruhi keluarga Anda?,"Selain itu, bantuan yang sampai ke masyarakat dipotong di distrik dan di kampung sehingga yang sampai ke masyarakat tidak penuh."
"Asmat, Papua Selatan",Dewasa,Laki laki,Masyarakat,Apa saja ketegangan yang terjadi di komunitas Anda yang mempengaruhi keluarga Anda?,"Penerima manfaat program WVI: orang yang ikut kegiatan hanya orang itu-itu saja, ada komplain dari orang yang tidak terima bantuan (penampungan air hujan/blong). Lalu, ada perbedaan dengan project PASTI dimana ada 1 kampung dampingan PASTI yang di luar dampingan Asmat, yaitu Kampung Sesakam, dimana peserta dari Sesakam yang diminta datang ke Warse menerima bantuan berupa biaya transportasi. Tapi di 3 kampung (Warse, Birak, Akamar) tidak dapat. Mohon sampaikan ke Adik Jimmy (koordinator PASTI) untuk bisa adil dan tidak berat sebelah. Takutnya ke depan ada palang-palang. (Catatan: terkait hal ini, hasil diskusi telah disampaikan ke Om Jimmy dan langsung dibahas di pertemuan PASTI saat kelas bapak-bapak keesokan harinya. Hal ini dikarenakan kampung Warse, Birak, dan Akamar masih satu daratan sementara kampung Sesakam beda daratan sehingga perlu biaya transportasi naik fiber/speed. Info dari Om Jimmy bahwa hal ini sudah dijelaskan ke masyarakat sebelumnya)"
"Asmat, Papua Selatan",Dewasa,Laki laki,Masyarakat,Apa saja ketegangan yang terjadi di komunitas Anda yang mempengaruhi keluarga Anda?,"Selain itu, ibu-ibu ada yang mengeluh mengapa ibu-ibu yang masak itu-itu saja maunya bergantian agar ibu-ibu lain juga bisa belajar memasak."
"Asmat, Papua Selatan",Dewasa,Laki laki,Masyarakat,Apa saja ketegangan yang terjadi di komunitas Anda yang mempengaruhi keluarga Anda?,"Kampung Warse adalah kampung terburuk di antara Akamar dan Birak: bantuan dari kabupaten diambil banyak oleh kepala kampung, beras raskin masyarakat tidak dapat, kepala kampung anti masyarakat."
"Asmat, Papua Selatan",Dewasa,Laki laki,Masyarakat,Bagaimana ketegangan-ketegangan tersebut muncul di komunitas Anda?,Adanya kecemburuan sosial/iri hati terhadap pemilihan/penerima manfaat
"Asmat, Papua Selatan",Dewasa,Laki laki,Masyarakat,Mengapa ketegangan ini terjadi?,"Kepala kampung memihak kepada simpatisan/yang berpihak padanya/yang memilih saat pemilihan, maka untuk simpatisan diberikan lebih banyak bantuan. Hal ini bisa terjadi karena pengambilan dana kampung bersifat kolektif dari pemerintah kampung. Walaupun setiap kepala keluarga (KK) sudah punya nama tapi di kampung bisa dicoret dari daftar penerima manfaat. Hal ini terjadi untuk memenuhi kebutuhan kepala kampung dan aparatnya (sembako, bbm, dan untuk membayar hutang) sehingga BLT dipotong 200-300 ribu. Lalu, yang harusnya lansia mendapat bantuan namun yang dapat anak-anak muda."
"Asmat, Papua Selatan",Dewasa,Laki laki,Masyarakat,Mengapa ketegangan ini terjadi?,"Pemilihan kepala kampung: sebelumnya dipilih dari suara masyarakat. Saat ini, bupati sendiri yang memilih dan menetapkan kepala kampung. Kepala kampung Birak yang minta untuk langsung dipilih."
"Asmat, Papua Selatan",Dewasa,Laki laki,Masyarakat,Mengapa ketegangan ini terjadi?,"Musrenbang: masukan masyarakat sudah diberikan namun karena pilihan politik yang berbeda maka tidak direalisasikan. Kalau kasih suara sedikit untuk kepala terpilih, maka bantuan sulit masuk. Kalau kasih suara 100%, maka akan diprioritaskan dan diberikan bantuan."
"Asmat, Papua Selatan",Dewasa,Laki laki,Masyarakat,Bagaimana ketegangan berubah dalam beberapa bulan terakhir?,Untuk kegiatan WVI sudah dikomunikasikan jika ada perbedaan-perbedaan pendapat terkait kelompok masak ibu-ibu yang sudah dibagi per kampung. Terkait dengan pemerintah belum ada.
"Asmat, Papua Selatan",Dewasa,Laki laki,Masyarakat,Bagaimana ketegangan berubah dalam beberapa bulan terakhir?,"Perubahan bisa terjadi, jika: a) ada kerjasama dari berbagai pihak b) tergantung pemimpin/pemerintah daerah. Namun, saat ini tidak ada perubahan karena tidak ada pertemuan dengan masyarakat. Hanya dengar perintah pimpinan saja, tidak dengar suara masyarakat."
"Asmat, Papua Selatan",Dewasa,Laki laki,Masyarakat,Siapa saja kelompok rentan di komunitas Anda? Bagaimana peningkatan ketegangan akan berdampak pada kelompok-kelompok ini (terutama anak-anak dan remaja)?,"Kelompok rentan selain anak-anak, lansia, perempuan, disabilitas, ada juga ibu hamil dan balita. Ibu hamil dan anak balita hanya bisa pasrah, mereka tidak bisa menentang/menyuarakan pendapat. Para lansia masih bisa menyuarakan pendapat mereka walaupun ada perbedaan pendapat (menentang)."
"Asmat, Papua Selatan",Dewasa,Laki laki,Masyarakat,Apa yang menyatukan atau memecah belah masyarakat di negara ini?,"Hal yang menyatukan di negara adalah dengan tinggal di suatu tempat (misalnya di kampung) dengan maksud baik/positif, membawa nama baik, menyatakan wibawa dan martabat. Misalnya, staf WVI yang berasal dari luar Papua."
"Asmat, Papua Selatan",Dewasa,Laki laki,Masyarakat,Apa yang menyatukan atau memecah belah masyarakat di negara ini?,"Memecah belah: kita suku Papua sudah dimerdekakan namun batas wilayah masih dipegang Indonesia. Indonesia bilang kita itu teroris. Yang punya tanah ini orang Papua. Orang Papua bukan teroris, namun haknya itu yang mereka tuntut. Kami belum terpisah dari Indonesia dan aparat ancam kami (masyarakat) sampai ke kampung-kampung. Selain itu, kita juga dijajah secara sederhana seperti ada penipuan dana-dana yang seharusnya untuk masyarakat."
"Asmat, Papua Selatan",Dewasa,Laki laki,Masyarakat,Apa yang menyatukan atau memecah belah masyarakat di wilayah ini?,Menyatukan: orang tua-tua
"Asmat, Papua Selatan",Dewasa,Laki laki,Masyarakat,Apa yang menyatukan atau memecah belah masyarakat di wilayah ini?,Memecah belah: pembagian dana/pengadaan yang tidak sesuai/tidak adil.
"Asmat, Papua Selatan",Dewasa,Laki laki,Masyarakat,"Di daerah-daerah yang mengalami ketegangan yang meningkat, apa saja contoh kelompok dan/atau kegiatan yang bertujuan untuk mengurangi ketegangan dan mempromosikan perdamaian?",Linmas (dari pemerintah) yang mengamankan masyarakat
"Asmat, Papua Selatan",Dewasa,Laki laki,Masyarakat,"Di daerah-daerah yang mengalami ketegangan yang meningkat, apa saja contoh kelompok dan/atau kegiatan yang bertujuan untuk mengurangi ketegangan dan mempromosikan perdamaian?",Tua-tua adat (biasanya pertemuan di jew. Jew adalah bangunan besar untuk kumpulan bujang) untuk mencari solusi jika ada masalah
"Asmat, Papua Selatan",Dewasa,Laki laki,Masyarakat,Siapa saja tokoh yang paling berpengaruh di wilayah ini?,Tokoh agama: tiga dewan
"Asmat, Papua Selatan",Dewasa,Laki laki,Masyarakat,Siapa saja tokoh yang paling berpengaruh di wilayah ini?,Pemerintah: RT/Kepala Kampung
"Asmat, Papua Selatan",Dewasa,Laki laki,Masyarakat,Siapa saja tokoh yang paling berpengaruh di wilayah ini?,Adat: tua-tua adat
"Asmat, Papua Selatan",Dewasa,Laki laki,Masyarakat,Siapa saja tokoh yang paling berpengaruh di wilayah ini?,Tokoh pemuda
"Asmat, Papua Selatan",Dewasa,Laki laki,Masyarakat,Bagaimana masyarakat memandang para aktor tersebut?,Dewan gereja: masyarakat biasanya menghargai dan mendengar
"Asmat, Papua Selatan",Dewasa,Laki laki,Masyarakat,Bagaimana masyarakat memandang para aktor tersebut?,Aparat kampung: dipercaya oleh kepala kampung dan masyarakat
"Asmat, Papua Selatan",Dewasa,Laki laki,Masyarakat,Bagaimana masyarakat memandang para aktor tersebut?,Kepala kampung: tidak peduli dengan masyarakat dan kurang dipercaya masyarakat
"Asmat, Papua Selatan",Dewasa,Laki laki,Masyarakat,Apa yang menurut Anda mungkin terjadi dalam 6 bulan ke depan terkait dengan Situasi Keamanan , mabuk ketika ada dana bantuan datang sehinnga ada linmas untuk menertibkan masyarakat dan butuh tua-tua adat untuk memberikan aturan
"Asmat, Papua Selatan",Dewasa,Laki laki,Masyarakat,Apa yang menurut Anda mungkin terjadi dalam 6 bulan ke depan terkait dengan Situasi politik,"jika ada perubahan kepala kampung, bupati dan wakil bupati maka yakin akan ada perubahan pada kampung dan pembagian yang lebih adil."
"Asmat, Papua Selatan",Dewasa,Laki laki,Masyarakat,Apa yang menurut Anda mungkin terjadi dalam 6 bulan ke depan terkait dengan Situasi ekonomi,jika dapat dana bantuan akan segera habis sehingga perlu dimasukkan ASKA agar ada tabungan
"Asmat, Papua Selatan",Dewasa,Laki laki,Masyarakat,Apa yang menurut Anda mungkin terjadi dalam 6 bulan ke depan terkait dengan Situasi Sosial,saling jaga dan gotong royong akan tetap dilakukan. Contohnya ada 1 bapak yang ambil banyak bibit sagu di fiber/speedboatnya untuk dibagi ke masyarakat yang belum punya bibit. Biasanya masyarakat kampung ini akan selalu saling bantu.
"Asmat, Papua Selatan",Dewasa,Perempuan,Masyarakat,Apa saja kebutuhan utama saat ini dan yang akan datang di komunitas Anda?,Pembatas dipinggir kebun menggunakan jala/tapis untuk tidak kecurian
"Asmat, Papua Selatan",Dewasa,Perempuan,Masyarakat,Apa saja kebutuhan utama saat ini dan yang akan datang di komunitas Anda?,Kolam ikan bukan perkampung tapi perkolam 3-4 KK
"Asmat, Papua Selatan",Dewasa,Perempuan,Masyarakat,Apa saja kebutuhan utama saat ini dan yang akan datang di komunitas Anda?,Penyiram untuk kebun apung
"Asmat, Papua Selatan",Dewasa,Perempuan,Masyarakat,Apa saja kebutuhan utama saat ini dan yang akan datang di komunitas Anda?,Pengadaan untuk sumur/PAH bagi yang belum memiliki
"Asmat, Papua Selatan",Dewasa,Perempuan,Masyarakat,Apa saja kebutuhan utama saat ini dan yang akan datang di komunitas Anda?,Sekop untuk mengambil tanah sarang hutan
"Asmat, Papua Selatan",Dewasa,Perempuan,Masyarakat,Apa saja kebutuhan utama saat ini dan yang akan datang di komunitas Anda?,Renovasi kebun apung yang lama
"Asmat, Papua Selatan",Dewasa,Perempuan,Masyarakat,Siapa yang akan Anda minta bantuan untuk mengatasi kebutuhan kebutuhan ini?,WVI
"Asmat, Papua Selatan",Dewasa,Perempuan,Masyarakat,Siapa yang akan Anda minta bantuan untuk mengatasi kebutuhan kebutuhan ini?,Kepala Kampung. Namun hanya mendahulukan keluarga terlebih dahulu
"Asmat, Papua Selatan",Dewasa,Perempuan,Masyarakat,Siapa yang akan Anda minta bantuan untuk mengatasi kebutuhan kebutuhan ini?,Kepala kampung membantu memberikan rumah namun hanya rumah kosong tanpa adanya kamar mandi dan PAH
"Asmat, Papua Selatan",Dewasa,Perempuan,Masyarakat,Apa saja ketegangan yang terjadi di komunitas Anda yang mempengaruhi keluarga Anda?,Pemilihan kepala kampung dipilih oleh Pemkamp tanpa meminta suara dari Masyarakat
"Asmat, Papua Selatan",Dewasa,Perempuan,Masyarakat,Apa saja ketegangan yang terjadi di komunitas Anda yang mempengaruhi keluarga Anda?,Kepala kampung melakukan peminjaman untuk kebutuhan sendiri namun pembayaran menggunakan Anggaran Dana Desa (ADD) yang mengakibatkan bantuan untuk Masyarakat berkurang
"Asmat, Papua Selatan",Dewasa,Perempuan,Masyarakat,Apa saja ketegangan yang terjadi di komunitas Anda yang mempengaruhi keluarga Anda?,"Kader Posyandu belum terima honor yang seharusnya honor untuk posyandu diambil dari ADD , namun pada saat ADD keluar honor untuk Kader tidak dibayarkan"
"Asmat, Papua Selatan",Dewasa,Perempuan,Masyarakat,Bagaimana ketegangan-ketegangan tersebut muncul di komunitas Anda?,Kepala kampung dipilih Bupati karena merupakan Timses pada saat kampanye/pemilu
"Asmat, Papua Selatan",Dewasa,Perempuan,Masyarakat,Bagaimana ketegangan-ketegangan tersebut muncul di komunitas Anda?,Fiber bantuan yang diberikan ditiap kampung diberlakukan pinjam/sewa dengan berbayar
"Asmat, Papua Selatan",Dewasa,Perempuan,Masyarakat,Bagaimana ketegangan-ketegangan tersebut muncul di komunitas Anda?,"Kelompok orangtua masak mengeluhkan kebutuhan pribadai unntuk dibawa kerumah (gula,kopi,detergen)"
"Asmat, Papua Selatan",Dewasa,Perempuan,Masyarakat,Mengapa ketegangan ini terjadi?,Kelompok orangtua masak untuk kegiatan school feeding tidak berganti
"Asmat, Papua Selatan",Dewasa,Perempuan,Masyarakat,Siapa saja kelompok rentan di komunitas Anda? Bagaimana peningkatan ketegangan akan berdampak pada kelompok-kelompok ini (terutama anak-anak dan remaja)?,Anak
"Asmat, Papua Selatan",Dewasa,Perempuan,Masyarakat,Siapa saja kelompok rentan di komunitas Anda? Bagaimana peningkatan ketegangan akan berdampak pada kelompok-kelompok ini (terutama anak-anak dan remaja)?,Remaja Puti
"Asmat, Papua Selatan",Dewasa,Perempuan,Masyarakat,Siapa saja kelompok rentan di komunitas Anda? Bagaimana peningkatan ketegangan akan berdampak pada kelompok-kelompok ini (terutama anak-anak dan remaja)?,Penderita sakit tahunan
"Asmat, Papua Selatan",Dewasa,Perempuan,Masyarakat,Apa yang menyatukan atau memecah belah masyarakat di negara ini?,Karena jarak dan ingin kebebasan sendiri
"Asmat, Papua Selatan",Dewasa,Perempuan,Masyarakat,Apa yang menyatukan atau memecah belah masyarakat di wilayah ini?,"Kesalahpahaman yang membuat berkelahi , karena ADD cair Masyarakat minum dan mengganggu Masyarakat lewat"
"Asmat, Papua Selatan",Dewasa,Perempuan,Masyarakat,Siapa saja tokoh yang paling berpengaruh di wilayah ini?,"Pastor, Kepala kampung, Dewan gereja, RT, tetua adat, Bamuskam"
"Asmat, Papua Selatan",Dewasa,Perempuan,Masyarakat,Bagaimana masyarakat memandang para aktor tersebut?,Mendengarkan apabila diberikan arah
"Asmat, Papua Selatan",Dewasa,Perempuan,Masyarakat,Apa yang menurut Anda mungkin terjadi dalam 6 bulan ke depan terkait dengan Situasi Keamanan ,"Adanya Polsek, Satgas, akan damai karna adanya penjagaan, Linmas tidak berjalga tiap malam/hanya hari tertentu atau tunggu ada keributan, Pencurian semakin meningkat"
"Asmat, Papua Selatan",Dewasa,Perempuan,Masyarakat,Apa yang menurut Anda mungkin terjadi dalam 6 bulan ke depan terkait dengan Situasi politik, Agar kepala kampung merenovasi jembatan
"Asmat, Papua Selatan",Dewasa,Perempuan,Masyarakat,Apa yang menurut Anda mungkin terjadi dalam 6 bulan ke depan terkait dengan Situasi ekonomi,Membukan rekening dan menyetor ke bank apabila ada bantuan cair
"Asmat, Papua Selatan",Dewasa,Perempuan,Masyarakat,Apa yang menurut Anda mungkin terjadi dalam 6 bulan ke depan terkait dengan Situasi Sosial,Saling Bantu dan saling dukung
Sentani,Dewasa,Perempuan,Masyarakat,Apa kebutuhan utama di kampung,Air bersih (sumur bor) note sudah 2 kali pasang tapi rusak karena hanya menggunakan selang (kejadian paling mungkin selang rusak Masyarakat membakar sampah dan tidak sengaja terkena selang).
Sentani,Dewasa,Perempuan,Masyarakat,Apa kebutuhan utama di kampung,Ekonomi (keramba ikan) note yang hanya kepala suku yang mendapat keramba ikan Masyarakat tidak dapat.
Sentani,Dewasa,Perempuan,Masyarakat,Apa kebutuhan utama di kampung,Hanya dapat bantuan ikan dari distrik note tidak semua orang hanya 10 orang (kemungkinan yang mendapatkan hanya yang kurang mampu)
Sentani,Dewasa,Perempuan,Masyarakat,Apa kebutuhan utama di kampung,Jaring ikan
Sentani,Dewasa,Perempuan,Masyarakat,Apa kebutuhan utama di kampung,Bantuan BLT (yang di dapat merata)
Sentani,Dewasa,Perempuan,Masyarakat,Apa kebutuhan utama di kampung,Bangunan permanent rumah baca
Sentani,Dewasa,Perempuan,Masyarakat,Apa kebutuhan utama di kampung,"Anak sekolah tetap membayar Komite (belum terhitung biaya speed, ojek, taksi)"
Sentani,Dewasa,Perempuan,Masyarakat,Apa kebutuhan utama di kampung,Sekolah belum memiliki MCK
Sentani,Dewasa,Perempuan,Masyarakat,Apa kebutuhan utama di kampung,Gedung sekolah TK belum ada (masih menumpang gedung posyandu)
Sentani,Dewasa,Perempuan,Masyarakat,Siapa yang akan Anda minta bantuan untuk mengatasi kebutuhan-kebutuhan ini?,"Pemerintah (Bupati, distrik)"
Sentani,Dewasa,Perempuan,Masyarakat,Siapa yang akan Anda minta bantuan untuk mengatasi kebutuhan-kebutuhan ini?,"Dana kampung terpotong (terpotong dari pusat, kemungkinan program nasional)"
Sentani,Dewasa,Perempuan,Masyarakat,Apa saja ketegangan yang terjadi di komunitas Anda yang mempengaruhi keluarga Anda?,mungkin hanya salah penyampaian
Sentani,Dewasa,Perempuan,Masyarakat,Apa saja ketegangan yang terjadi di komunitas Anda yang mempengaruhi keluarga Anda?,tidak ada kekerasan di kampung (jika ada mungkin karena kesalah pahaman)
Sentani,Dewasa,Perempuan,Masyarakat,Apa saja ketegangan yang terjadi di komunitas Anda yang mempengaruhi keluarga Anda?,pemabuk (jarang jadi pemicu keributan)
Sentani,Dewasa,Perempuan,Masyarakat,Apa saja ketegangan yang terjadi di komunitas Anda yang mempengaruhi keluarga Anda?,masalah anak sering terjadi (terjadi kesalah pahamahan antara orang tua)
Sentani,Dewasa,Perempuan,Masyarakat,Bagaimana ketegangan-ketegangan tersebut muncul di komunitas Anda?,"gereja, kepala suku (sering ikut terlibat dalam penyelesaian masalah)"
Sentani,Dewasa,Perempuan,Masyarakat,Siapa saja kelompok rentan/berisiko tinggi di komunitas Anda? Bagaimana peningkatan ketegangan akan berdampak pada kelompok-kelompok ini (terutama anak-anak dan remaja)?,Semua Masyarakat di perhatikan (tidak di tunjukan secara khusus)
Sentani,Dewasa,Perempuan,Masyarakat,Apa yang menyatukan atau memecah belah masyarakat di negara ini?,"menyatukan jika Ketika ada pimpinan yang menyatukan, agama (biarpun berbeda beda tetap saling menghargai (ajaran agama))."
Sentani,Dewasa,Perempuan,Masyarakat,Apa yang menyatukan atau memecah belah masyarakat di negara ini?,memecah disebabkan oleh rasisme
Sentani,Dewasa,Perempuan,Masyarakat,Apa yang menyatukan atau memecah belah masyarakat di wilayah ini?,"hal yang menyatukan adalah ibadah, perayaan tahun baru Bersama Masyarakat, acara mas kawin, duka (gotong royong), peryaan agama (seperti hari natal), rapat kampung."
Sentani,Dewasa,Perempuan,Masyarakat,Apa yang menyatukan atau memecah belah masyarakat di wilayah ini?,hal yang memecehkan adalah pada saat pelaksaan rapat berbeda pendapat (hanya sebentar karena berbeda pendapat)
Sentani,Dewasa,Perempuan,Masyarakat,"Di daerah-daerah yang mengalami ketegangan yang meningkat, apa saja contoh kelompok dan/atau kegiatan yang bertujuan untuk mengurangi ketegangan dan mempromosikan perdamaian??","makan Bersama, masak Bersama, ketua BAMUSKAM sebagai penengah, bapak Pendeta sebagai penegah, kepala suku dewan adat (soal tanah)"
Sentani,Dewasa,Perempuan,Masyarakat,"Di daerah-daerah yang mengalami ketegangan yang meningkat, apa saja contoh kelompok dan/atau kegiatan yang bertujuan untuk mengurangi ketegangan dan mempromosikan perdamaian??","tidak ada denda adat (kecuali dari suku luar masuk kedalam membuat kericuhan, biasa denda berupa uang, tembako batu)"
Sentani,Dewasa,Perempuan,Masyarakat,Siapa saja tokoh yang paling berpengaruh di wilayah ini?,bapa ondoafi
Sentani,Dewasa,Perempuan,Masyarakat,Siapa saja tokoh yang paling berpengaruh di wilayah ini?,gereja
Sentani,Dewasa,Perempuan,Masyarakat,Siapa saja tokoh yang paling berpengaruh di wilayah ini?,pemerintah kampung
Sentani,Dewasa,Perempuan,Masyarakat,Siapa saja tokoh yang paling berpengaruh di wilayah ini?,kepala suku
Sentani,Dewasa,Perempuan,Masyarakat,"Bagaimana masyarakat memandang para aktor tersebut (misalnya PBB, LSM, kelompok agama, pemerintah, kelompok bersenjata, pemimpin politik, dll.)?",semua berjalan dengan baik
Sentani,Dewasa,Perempuan,Masyarakat,Apa yang menurut Anda mungkin terjadi dalam 6 bulan ke depan terkait dengan situasi keamanan,tidak terprediksi
Sentani,Dewasa,Perempuan,Masyarakat,Apa yang menurut Anda mungkin terjadi dalam 6 bulan ke depan terkait dengan situasi keamanan,"yang menjaga kampung, tertua adat, kapospol (hanya pemerintah kampung yang memiliki nomor)"
Sentani,Dewasa,Perempuan,Masyarakat,Apa yang menurut Anda mungkin terjadi dalam 6 bulan ke depan terkait dengan situasi politik,tidak pernah terjadi pemilihan yang terjadi di kampung
Sentani,Dewasa,Perempuan,Masyarakat,Apa yang menurut Anda mungkin terjadi dalam 6 bulan ke depan terkait dengan situasi politik,partai politik ada hanya jika terjadi pilkada
Sentani,Dewasa,Perempuan,Masyarakat,Apa yang menurut Anda mungkin terjadi dalam 6 bulan ke depan terkait dengan situasi politik,dalam musrembang tidak ada politik (terbuka)
Sentani,Dewasa,Perempuan,Masyarakat,Apa yang menurut Anda mungkin terjadi dalam 6 bulan ke depan terkait dengan situasi ekonomi,situasi ekonomi di kampung bagus (tergantung dari masing – masing orang)
Sentani,Dewasa,Perempuan,Masyarakat,Apa yang menurut Anda mungkin terjadi dalam 6 bulan ke depan terkait dengan situasi sosial,biasa ada gotng royong
Sentani,Dewasa,Perempuan,Masyarakat,Apa yang menurut Anda mungkin terjadi dalam 6 bulan ke depan terkait dengan situasi sosial,"di hari – hari besar (hari – hari gereja HUT GEREJA 1 tahun sekali, paskah, natal)"
Sentani,Dewasa,Perempuan,Masyarakat,Apa yang menurut Anda mungkin terjadi dalam 6 bulan ke depan terkait dengan situasi sosial,"pangkur sagu (tergantung dari yang punya kebutuhan, saling membantu)"
Sentani,Dewasa,Perempuan,Masyarakat,Apa yang perlu dilakukan untuk mengatasi dampak merugikan yang mungkin timbul dari skenario-skenario tersebut? Dan oleh siapa?,menghindari yang melibatkan diri dalam hal yang tidak baik
Sentani,Dewasa,Perempuan,Masyarakat,Apa yang perlu dilakukan untuk mengatasi dampak merugikan yang mungkin timbul dari skenario-skenario tersebut? Dan oleh siapa?,"mabuk atau miras (membuat kegiatan – kegiatan postif agar ikut terlibat, kategori pemabuk pemuda dan orang tua tapi jarang terjadi keributan, jarang ada kekerasan di saat sudah sadar akan berdamai, jika masalah besar yang menangani pemerintah, tokoh adat, dan tokoh agama)."
Sentani,Dewasa,Perempuan,Masyarakat,Apa yang perlu dilakukan untuk mengatasi dampak merugikan yang mungkin timbul dari skenario-skenario tersebut? Dan oleh siapa?,"Kegiatan ibu – ibu di sabtu pagi masih berjalan seperti senam pagi dan Volly (kesepakatan Bersama ibu – ibu, PKK, YAUMIE (Perempuan yang datang dari luar dan menikah di kampung asal laki – laki)."
Sentani,Dewasa,Laki laki,Masyarakat,Apa saja kebutuhan utama saat ini dan yang akan datang di komunitas Anda?,Jumlah rumah tidak bertambah sementara jumlah keluarga terus bertambah.
Sentani,Dewasa,Laki laki,Masyarakat,Apa saja kebutuhan utama saat ini dan yang akan datang di komunitas Anda?,"Hanya diperbolehkan 1 TK dan 1 PAUD per kampung, sehingga banyak anak tidak sekolah karena terkendala jarak dan tempat tinggal."
Sentani,Dewasa,Laki laki,Masyarakat,Apa saja kebutuhan utama saat ini dan yang akan datang di komunitas Anda?,Sungai/Kali Away sering meluap hingga masuk ke pemukiman.
Sentani,Dewasa,Laki laki,Masyarakat,Apa saja kebutuhan utama saat ini dan yang akan datang di komunitas Anda?,Marak pencurian yang dilakukan oleh anak-anak usia dini.
Sentani,Dewasa,Laki laki,Masyarakat,Siapa yang akan Anda minta bantuan untuk mengatasi kebutuhan-kebutuhan ini?,Menyampaikan aspirasi melalui Musyawarah Perencanaan Pembangunan (Musrembang).
Sentani,Dewasa,Laki laki,Masyarakat,Siapa yang akan Anda minta bantuan untuk mengatasi kebutuhan-kebutuhan ini?,"Untuk masalah yang bisa diselesaikan sendiri, kami selesaikan di kantor kampung."
Sentani,Dewasa,Laki laki,Masyarakat,Apa saja ketegangan yang terjadi di komunitas Anda yang mempengaruhi keluarga Anda?,Sengketa Tanah: Masalah batas wilayah antar keluarga dan dengan kampung tetangga (Yoboi).
Sentani,Dewasa,Laki laki,Masyarakat,Apa saja ketegangan yang terjadi di komunitas Anda yang mempengaruhi keluarga Anda?,Hak atas Tanah: Ada kasus di mana hak pakai berubah menjadi hak milik karena transaksi uang yang tidak sah.
Sentani,Dewasa,Laki laki,Masyarakat,Apa saja ketegangan yang terjadi di komunitas Anda yang mempengaruhi keluarga Anda?,"Kenakalan Remaja: Anak-anak mulai mabuk-mabukan yang berujung pada perkelahian antar teman, dengan keluarga, atau antar kampung."
Sentani,Dewasa,Laki laki,Masyarakat,Bagaimana ketegangan tersebut muncul?,Dipicu oleh sengketa lahan warisan dan pergaulan bebas remaja
Sentani,Dewasa,Laki laki,Masyarakat,Siapa kelompok rentan/berisiko tinggi?,Kelompok rentan: Anak-anak.
Sentani,Dewasa,Laki laki,Masyarakat,Siapa kelompok rentan/berisiko tinggi?,"Dampaknya: Jika ada pemblokiran jalan, anak-anak susah sekolah. Jika ada orang mabuk, anak-anak takut berangkat sekolah."
Sentani,Dewasa,Laki laki,Masyarakat,Apa yang menyatukan/memecah belah masyarakat di wilayah ini?,"Perekat (Pemersatu): Kegiatan yang digagas Kepala Kampung, acara adat, dan ibadah. Pada dasarnya masyarakat merasa ""satu""."
Sentani,Dewasa,Laki laki,Masyarakat,Siapa tokoh paling berpengaruh?,Kepala Suku / Kepala Kampung
Sentani,Dewasa,Laki laki,Masyarakat,Siapa tokoh paling berpengaruh?,Pendeta
Sentani,Dewasa,Laki laki,Masyarakat,Bagaimana masyarakat memandang WVI?,"Masyarakat sangat berterima kasih karena WVI turun langsung ke orang tua dan anak-anak, berbeda dengan LSM lain yang lebih banyak menghabiskan biaya untuk kegiatan."
Sentani,Dewasa,Laki laki,Masyarakat,Bagaimana masyarakat memandang WVI?,Tidak pernah ada masalah antar denominasi gereja saat WVI berkegiatan.
Sentani,Dewasa,Laki laki,Masyarakat,Bagaimana masyarakat memandang WVI?,Harapan: Adanya materi tertulis yang bisa dimasukkan dalam liturgi ibadah dan pembinaan untuk anak muda.
Sentani,Dewasa,Laki laki,Masyarakat,Skenario 6 bulan ke depan:,Keamanan: Situasi aman dan tidak terpengaruh politik.
Sentani,Dewasa,Laki laki,Masyarakat,Skenario 6 bulan ke depan:,Politik: Tidak berdampak langsung pada kampung.
Sentani,Dewasa,Laki laki,Masyarakat,Skenario 6 bulan ke depan:,"Ekonomi: Harga sagu (hasil utama) menurun. Tanaman sagu butuh 20-30 tahun untuk tumbuh. Saat ini sudah ada pembagian kelompok tani dan koordinasi mulai berjalan baik, hasil pun mulai meningkat meski bertahap."
Sentani,Dewasa,Laki laki,Masyarakat,Skenario 6 bulan ke depan:,"Sosial: Mulai ada konflik dengan ""orang gunung"" yang masuk dan mengambil hasil tanah tanpa izin. Saat ini masih ditegur lisan dan dipasang palang, namun jika terus terjadi dikhawatirkan akan ada tindakan tegas dari masyarakat."
Sentani,Dewasa,Laki laki,Masyarakat,Apa yang perlu dilakukan dan oleh siapa?,Belum ada rencana aksi selain menegur secara lisan dan memasang palang pembatas.
Sentani,Dewasa,Laki laki,Masyarakat,Masukan dan Harapan untuk WVI,"Hal yang perlu dihindari: Sebaiknya program WVI diselaraskan dengan program kampung agar diketahui saat rapat kampung. Secara norma dan adat, WVI tidak pernah melanggar."
Sentani,Dewasa,Laki laki,Masyarakat,Masukan Program:,"Jika ada pembangunan gedung/balai, libatkan WVI."
Sentani,Dewasa,Laki laki,Masyarakat,Masukan Program:,"Buatkan buku panduan ""Bapa Bijak, Mama Bijak"" sebagai pedoman membina anak."
Sentani,Dewasa,Laki laki,Masyarakat,Masukan Program:,"Bantuan peralatan olahraga (bola, net) untuk anak-anak."
Sentani,Dewasa,Laki laki,Masyarakat,Masukan Program:,Sediakan bahan/bacaan pengakuan iman mingguan untuk dibagikan di gereja.
Sentani,Dewasa,Laki laki,Masyarakat,Masukan Program:,Bantuan infrastruktur skala besar seperti air bersih (selama ini baru buku dan pensil warna).
Sentani,Anak,Laki laki,Masyarakat,Bisakah Anda menggambarkan seperti apa kehidupan sehari-harimu?,kehidupan setiap hari di rumah bermain hp dan melakukan aktivitas rumah seperti biasa dan menggambar di sela waktu kosong
Sentani,Anak,Laki laki,Masyarakat,Bisakah Anda menggambarkan seperti apa kehidupan sehari-harimu?,"berolahraga setiap hari yaitu bermain kasti dilingkungan rumah, di sekolah membaca buku dan membantu mama di rumah."
Sentani,Anak,Laki laki,Masyarakat,Bisakah Anda menggambarkan seperti apa kehidupan sehari-harimu?,"setiap hari ke sekolah dan beribadah, membantu mama berjualan Setiap pagi pergi sekolah, pulang dan melakukan aktivitas seperti biasanya"
Sentani,Anak,Laki laki,Masyarakat,Apa yang menurut Anda akan terjadi di komunitas Anda dalam waktu dekat?,Pemuda kampung yang dulu rame sekarang sepi sekarang sepi karena sudah sibuk dengan aktivitas lain dan juga akan ada ibadah Pam gabungan se-klasis Sentani yang di laksanakan tanggal 30 febuari 2026
Sentani,Anak,Laki laki,Masyarakat,Apa yang menurut Anda akan terjadi di komunitas Anda dalam waktu dekat?,Dari kampung tanggal 17 di adakan rekreasi lepas sambut tahun baru
Sentani,Anak,Laki laki,Masyarakat,Apa yang menurut Anda akan terjadi di komunitas Anda dalam waktu dekat?,Bermain badminton bersama dan Mengumpulkan iuran untuk membeli net dan lampu
Sentani,Anak,Laki laki,Masyarakat,Apa yang membuat Anda merasa aman?,merasa pasar aman karena macet di dalam jalan menuju pasar dan dengan keberadaan polisi sa merasa aman untuk belanja ke pasar
Sentani,Anak,Laki laki,Masyarakat,Apa yang membuat Anda merasa aman?,"sa merasa aman ketika sa pergi gereja, daripada di rumah dan disuruh bekerja"
Sentani,Anak,Laki laki,Masyarakat,Apa yang membuat Anda merasa aman?,merasa aman ketika berada disekolah dari pada dirumah
Sentani,Anak,Laki laki,Masyarakat,Apa yang membuat Anda merasa aman?,Sa merasa aman ketika sa bersama-sama dengan teman ketika ada yang mau pukul sa.
Sentani,Anak,Laki laki,Masyarakat,Apa yang membuat Anda merasa aman?,sa merasa aman ketika bersama nenek karena bapa dan mama suka pukul sa.
Sentani,Anak,Laki laki,Masyarakat,Apa yang membuat Anda merasa aman?,merasa aman ketika motor mogok di tempat sepi dan malam hari ada yang datang membantu untuk mendorong motor.
Sentani,Anak,Laki laki,Masyarakat,"Apa ketakutan Anda? Bagaimana Anda mengatasi situasi tersebut (misalnya, kepada siapa Anda pergi, apa yang Anda lakukan)?",takut ketahuan isap rokok dari bapa dan mama dan sa mengatasinya sa pergi tinggal dengan nenek untuk menghindar dari orang tua.
Sentani,Anak,Laki laki,Masyarakat,"Apa ketakutan Anda? Bagaimana Anda mengatasi situasi tersebut (misalnya, kepada siapa Anda pergi, apa yang Anda lakukan)?",bermain sampe larut malam dan pulang sendiri takut diganggu setan dan cara mengatasinya sa lari secepatnya ke rumah.
Sentani,Anak,Laki laki,Masyarakat,"Apa ketakutan Anda? Bagaimana Anda mengatasi situasi tersebut (misalnya, kepada siapa Anda pergi, apa yang Anda lakukan)?","sa merasa takut ketika bapa mau pukul ketika sa berada di rumah, sa mengatasinya sa lari ke mama danTakut nilai jelek berada di sekolah, mengatasinya dengan bertanya kepada kaka."
Sentani,Anak,Laki laki,Masyarakat,"Apa ketakutan Anda? Bagaimana Anda mengatasi situasi tersebut (misalnya, kepada siapa Anda pergi, apa yang Anda lakukan)?","ketika sa disuruh belanja tapi sa beli barang dan salah, sa mengatasinya dengan lebih mengontrol untuk kedepanya"
Sentani,Anak,Laki laki,Masyarakat,"Apa ketakutan Anda? Bagaimana Anda mengatasi situasi tersebut (misalnya, kepada siapa Anda pergi, apa yang Anda lakukan)?","Ketakukan terhadap masa depan mau jadi apa, cita-cita terwujud atau tidak bisa dapat pekerjaan, tapi sa tetap berpikir positif untuk kedepanya. Sa pergi ke teman-teman untuk bertanya tentang tes Tni untuk mau cari pengalaman."
Sentani,Anak,Laki laki,Masyarakat,Apa harapan Anda untuk komunitas Anda di masa depan?,"Harapan cita-cita tercapai, persekutuan ibadah adanya alat musik, harapan untuk Rumah Baca tambah maju dan anak-anak tambah banyak, harapan untuk sekolah smp 5 kehiran adanya lapangan bola, harapan untuk Pam Gereja ibadah lebih on time"
Sentani,Anak,Laki laki,Masyarakat,Bagaimana menurut Anda pemuda dapat berkontribusi dalam mengubah situasi?,"salah satu kontrubusi adalah mengajak teman-teman untuk ke rumah baca supaya rame lagi, pemuda melakukan bazzar untuk pengadaan alat musik di gereja"
Sentani,Anak,Perempuan,Masyarakat,Bisakah Anda menggambarkan seperti apa kehidupan sehari-harimu?,"Bangun pagi jam 4 pagi siap ke sekolah, kasih bangun bapa minta antar kesekolah, pulang sekolah set 3 tunggu speed smpai jam 4 lalu pulang, makan, istirahat, jaga kios jika libur: cuci barang kotor, bikin bapa kopi, jalan kaki ke kampung abar untuk jaga kios, main di lapangan"
Sentani,Anak,Perempuan,Masyarakat,Bisakah Anda menggambarkan seperti apa kehidupan sehari-harimu?,"Bangun jam 4 pagi, set 5 berdoa, lalu siap ke sekolah, pulang sekolah jam 1 tunggu speed di dermaga smpe jam 2, pulang, makan, istirahat, main voli, pulang  main sekitar jam 5/6"
Sentani,Anak,Perempuan,Masyarakat,Bisakah Anda menggambarkan seperti apa kehidupan sehari-harimu?,"Libur: main hp, di rumah saja, kadang main voli (bermain Bersama teman2 saja, tanpa bimbingan pelatih)"
Sentani,Anak,Perempuan,Masyarakat,Bisakah Anda menggambarkan seperti apa kehidupan sehari-harimu?,"Bangun jam 4, siap ke sekolah, masak, jalan ke dermaga tunggu johnson dri jam 5 pagi kadang terlambat sampai jam 8 (tunggu speed full baru bisa jalan), pulang sekolah jam 3 tunggu johnson lgi sampe jam 5/6/gelap, kalau pulang tempo main voli dengan teman2"
Sentani,Anak,Perempuan,Masyarakat,Bisakah Anda menggambarkan seperti apa kehidupan sehari-harimu?,"Bangun pagi, siap ke sekolah, pulang sekolah jam 2 tunggu speed smpe jam 3, istirahat, makan, lalu main voli di lapangan"
Sentani,Anak,Perempuan,Masyarakat,Bisakah Anda menggambarkan seperti apa kehidupan sehari-harimu?,"Libur: tidur, main dengan teman2"
Sentani,Anak,Perempuan,Masyarakat,Apa yang telah berubah dalam beberapa bulan terakhir? Bagaimana menurut Anda hal itu telah mempengaruhi Anda dan komunitas?,Pembangunan Pustu
Sentani,Anak,Perempuan,Masyarakat,Apa yang telah berubah dalam beberapa bulan terakhir? Bagaimana menurut Anda hal itu telah mempengaruhi Anda dan komunitas?,Rencana Pembangunan jalan raya dari danau love ke kampung abar
Sentani,Anak,Perempuan,Masyarakat,Apa yang telah berubah dalam beberapa bulan terakhir? Bagaimana menurut Anda hal itu telah mempengaruhi Anda dan komunitas?,"Pengadaan boat sekolah namun kadang dipinjam oleh umum diluar jam sekolah jika ada keperluan, (kendala: motoris yang tetap belum ada, boat tidak mengantar anak” setiap hari/kadang2 saja)"
Sentani,Anak,Perempuan,Masyarakat,Apa yang telah berubah dalam beberapa bulan terakhir? Bagaimana menurut Anda hal itu telah mempengaruhi Anda dan komunitas?,4 tahun lalu hanya menggunakan solar cell namun sekarang PLN sudah masuk (Listrik 24 jam) sudah jalan 3 tahun
Sentani,Anak,Perempuan,Masyarakat,Apa yang telah berubah dalam beberapa bulan terakhir? Bagaimana menurut Anda hal itu telah mempengaruhi Anda dan komunitas?,Menurut kami pembuatan jalan sangat membantu kami karena ada kebun kami disana (hutan) di jalan ke arah danau love.
Sentani,Anak,Perempuan,Masyarakat,Apa yang telah berubah dalam beberapa bulan terakhir? Bagaimana menurut Anda hal itu telah mempengaruhi Anda dan komunitas?,Pustu sangat bermanfaat baik sehingga jika ada warga yang berada dalam kondisi emergency bisa mendapatkan penanganan secara langsung di pustu
Sentani,Anak,Perempuan,Masyarakat,Apa yang telah berubah dalam beberapa bulan terakhir? Bagaimana menurut Anda hal itu telah mempengaruhi Anda dan komunitas?,Dengan masuknya PLN juga membantu kami dalam keseharian kami
Sentani,Anak,Perempuan,Masyarakat,Apa yang membuat Anda merasa aman?,Mamatua
Sentani,Anak,Perempuan,Masyarakat,Apa yang membuat Anda merasa aman?,Mamaade
Sentani,Anak,Perempuan,Masyarakat,Apa yang membuat Anda merasa aman?,Kaka Perempuan
Sentani,Anak,Perempuan,Masyarakat,Apa yang membuat Anda merasa aman?,Kaka laki2
Sentani,Anak,Perempuan,Masyarakat,Apa yang membuat Anda merasa aman?,Bermain voli
Sentani,Anak,Perempuan,Masyarakat,Apa yang membuat Anda merasa aman?,Bertanya salah apa yang kami bikin
Sentani,Anak,Perempuan,Masyarakat,Apa yang membuat Anda merasa aman?,Minta maaf
Sentani,Anak,Perempuan,Masyarakat,Apa yang membuat Anda merasa aman?,Menangis
Sentani,Anak,Perempuan,Masyarakat,"Apa ketakutan Anda? Bagaimana Anda mengatasi situasi tersebut (misalnya, kepada siapa Anda pergi, apa yang Anda lakukan)?",orang berpikiran jahat kepada saya
Sentani,Anak,Perempuan,Masyarakat,"Apa ketakutan Anda? Bagaimana Anda mengatasi situasi tersebut (misalnya, kepada siapa Anda pergi, apa yang Anda lakukan)?",mendapatkan kekerasan fisik dari bapak saya
Sentani,Anak,Perempuan,Masyarakat,"Apa ketakutan Anda? Bagaimana Anda mengatasi situasi tersebut (misalnya, kepada siapa Anda pergi, apa yang Anda lakukan)?",mendapatkan kekerasan fisik dari bapak saya
Sentani,Anak,Perempuan,Masyarakat,"Apa ketakutan Anda? Bagaimana Anda mengatasi situasi tersebut (misalnya, kepada siapa Anda pergi, apa yang Anda lakukan)?","mendapatkan kekerasan fisik dari bapak saya, orang berpikiran jahat kepada saya"
Sentani,Anak,Perempuan,Masyarakat,"Apa ketakutan Anda? Bagaimana Anda mengatasi situasi tersebut (misalnya, kepada siapa Anda pergi, apa yang Anda lakukan)?",mendapatkan kekerasan fisik dari bapak saya
Sentani,Anak,Perempuan,Masyarakat,"Apa ketakutan Anda? Bagaimana Anda mengatasi situasi tersebut (misalnya, kepada siapa Anda pergi, apa yang Anda lakukan)?",takut kehilangan org tua
Sentani,Anak,Perempuan,Masyarakat,"Apa ketakutan Anda? Bagaimana Anda mengatasi situasi tersebut (misalnya, kepada siapa Anda pergi, apa yang Anda lakukan)?",mendapatkan kekerasan fisik dari bapak saya
Sentani,Anak,Perempuan,Masyarakat,"Apa ketakutan Anda? Bagaimana Anda mengatasi situasi tersebut (misalnya, kepada siapa Anda pergi, apa yang Anda lakukan)?",takut kehilangan org tua
Sentani,Anak,Perempuan,Masyarakat,"Apa ketakutan Anda? Bagaimana Anda mengatasi situasi tersebut (misalnya, kepada siapa Anda pergi, apa yang Anda lakukan)?","Takut orang mabuk, berpotensi melecehkan"
Sentani,Anak,Perempuan,Masyarakat,"Apa ketakutan Anda? Bagaimana Anda mengatasi situasi tersebut (misalnya, kepada siapa Anda pergi, apa yang Anda lakukan)?",Tidak suka di banding-bandingkan dengan anak lain atau anak tetangga
Sentani,Anak,Perempuan,Masyarakat,"Apa ketakutan Anda? Bagaimana Anda mengatasi situasi tersebut (misalnya, kepada siapa Anda pergi, apa yang Anda lakukan)?","Tidak boleh naik ke gereja, karena kami di larang (majelis tertentu, org tua) dianggap buruk, sering di teriakan jika kami naik ke gereja, diceritakan yang buruk."
Sentani,Anak,Perempuan,Masyarakat,"Apa ketakutan Anda? Bagaimana Anda mengatasi situasi tersebut (misalnya, kepada siapa Anda pergi, apa yang Anda lakukan)?",Tidak boleh duduk di OB (anak Perempuan tidak boleh duduk berlama’’ di rumah adat dan bercanda di OB karena dianggap perempuan tdk boleh berlebihan)
Sentani,Anak,Perempuan,Masyarakat,"Apa ketakutan Anda? Bagaimana Anda mengatasi situasi tersebut (misalnya, kepada siapa Anda pergi, apa yang Anda lakukan)?","Bully dalam keluarga (fitnah buruk, menceritakan kami yang tak benar)"
Sentani,Anak,Perempuan,Masyarakat,"Apa ketakutan Anda? Bagaimana Anda mengatasi situasi tersebut (misalnya, kepada siapa Anda pergi, apa yang Anda lakukan)?",Bully di kampung (mama2  tidak senang melihat kami bergaya)
Sentani,Anak,Perempuan,Masyarakat,Apa harapan Anda untuk komunitas Anda di masa depan?,Adanya Pembangunan dan kegiatan (olahraga) untuk anak muda
Sentani,Anak,Perempuan,Masyarakat,Bagaimana menurut Anda pemuda dapat berkontribusi dalam mengubah situasi?,Membagikan pengetahuan yang kami dapatkan di sekolah dengan mengajarkannya kepada teman2 yang putus sekolah
Sentani,Anak,Perempuan,Masyarakat,Bagaimana menurut Anda pemuda dapat berkontribusi dalam mengubah situasi?,"Memberi masukan saat kegiatan, ke pemimpin (KPK)."
Sentani,Anak,Perempuan,Masyarakat,Bagaimana menurut Anda pemuda dapat berkontribusi dalam mengubah situasi?,"Memberi motivasi/semangat bagi teman yang putus sekolah, di bully, kurang beruntung."
